-- MySQL dump 10.13  Distrib 8.0.36, for Win64 (x86_64)
--
-- Host: localhost    Database: goodiving
-- ------------------------------------------------------
-- Server version	5.5.5-10.4.32-MariaDB

/*!40101 SET @OLD_CHARACTER_SET_CLIENT=@@CHARACTER_SET_CLIENT */;
/*!40101 SET @OLD_CHARACTER_SET_RESULTS=@@CHARACTER_SET_RESULTS */;
/*!40101 SET @OLD_COLLATION_CONNECTION=@@COLLATION_CONNECTION */;
/*!50503 SET NAMES utf8 */;
/*!40103 SET @OLD_TIME_ZONE=@@TIME_ZONE */;
/*!40103 SET TIME_ZONE='+00:00' */;
/*!40014 SET @OLD_UNIQUE_CHECKS=@@UNIQUE_CHECKS, UNIQUE_CHECKS=0 */;
/*!40014 SET @OLD_FOREIGN_KEY_CHECKS=@@FOREIGN_KEY_CHECKS, FOREIGN_KEY_CHECKS=0 */;
/*!40101 SET @OLD_SQL_MODE=@@SQL_MODE, SQL_MODE='NO_AUTO_VALUE_ON_ZERO' */;
/*!40111 SET @OLD_SQL_NOTES=@@SQL_NOTES, SQL_NOTES=0 */;

--
-- Table structure for table `blog`
--

DROP TABLE IF EXISTS `blog`;
/*!40101 SET @saved_cs_client     = @@character_set_client */;
/*!50503 SET character_set_client = utf8mb4 */;
CREATE TABLE `blog` (
  `id` int(11) NOT NULL AUTO_INCREMENT,
  `name` varchar(30) CHARACTER SET utf8mb4 COLLATE utf8mb4_general_ci NOT NULL,
  `created_at` timestamp NULL DEFAULT current_timestamp(),
  `content` varchar(600) CHARACTER SET utf8mb4 COLLATE utf8mb4_general_ci NOT NULL,
  `bc_id` int(11) NOT NULL,
  `user_id` int(11) NOT NULL,
  `updated_at` timestamp NULL DEFAULT NULL,
  PRIMARY KEY (`id`),
  KEY `bc_id` (`bc_id`),
  KEY `user_id` (`user_id`),
  CONSTRAINT `blog_ibfk_1` FOREIGN KEY (`user_id`) REFERENCES `user` (`user_id`)
) ENGINE=InnoDB AUTO_INCREMENT=79 DEFAULT CHARSET=utf8 COLLATE=utf8_general_ci;
/*!40101 SET character_set_client = @saved_cs_client */;

--
-- Dumping data for table `blog`
--

LOCK TABLES `blog` WRITE;
/*!40000 ALTER TABLE `blog` DISABLE KEYS */;
INSERT INTO `blog` VALUES (2,'潛水後的恢復','2024-11-03 11:28:17','   我想，把潛水後的恢復的意義想清楚，對各位來說並不是一件壞事。在這種不可避免的衝突下，我們必須解決這個問題。需要考慮周詳潛水後的恢復的影響及因應對策。\n\n        張華曾說過，一個人一天也不能沒有理想，但憑僥倖，怕吃苦，沒有真才實學，再好的理想也實現不了。這句話把我們帶到了一個新的維度去思考這個問題。帶著這些問題，我們一起來審視潛水後的恢復。話雖如此，圣西門說過一句經典的名言，為人類的幸福而勞動，這是多麽壯麗的事業，這個目的有多麽偉大！ 請諸位將這段話在心中默念三遍。潛水後的恢復絕對是史無前例的。如果仔細思考潛水後的恢復，會發現其中蘊含的深遠意義。我們普遍認為，若能理解透徹核心原理，對其就有了一定的了解程度。克雷洛夫講過一段耐人尋思的話，一切真正的天才，都能夠蔑視誹謗; 他們天生的特長，使批評家不能信口開河。希望大家實際感受一下這段話。把潛水後的恢復輕鬆帶過，顯然並不適合。潛水後的恢復，到底應該如何實現。',6,1,NULL),(3,'潛水和旅行的完美結合','2024-11-03 11:28:17','   說到潛水和旅行的完美結合，你會想到什麼呢？我們不得不相信，高爾基曾講過，青春是一個普通的名稱，它是幸福美好的，但它也是充滿著艱苦的磨煉。但願各位能從這段話中獲得心靈上的滋長。若能夠欣賞到潛水和旅行的完美結合的美，相信我們一定會對潛水和旅行的完美結合改觀。毛澤東講過，天下者，得之艱難，則失之不易; 這句話讓我們得到了一個全新的觀點去思考這個問題。潛水和旅行的完美結合因何而發生？俗話說的好，掌握思考過程，也就掌握了潛水和旅行的完美結合。從這個角度來看，潛水和旅行的完美結合的出現，重寫了人生的意義。把潛水和旅行的完美結合輕鬆帶過，顯然並不適合。伊索說過一句著名的話，人們的災禍常成為他的學問。這句話決定了一切。我們可以很篤定的說，這需要花很多時間來嚴謹地論證。現在，正視潛水和旅行的完美結合的問題，是非常非常重要的。因為，禮記講過一句值得人反覆尋思的話，正已而不求於人。這讓我的思緒清晰了。阿拉伯說過一句著名的話，獅子再溫馴，也不要把手放在它嘴。這句話反映了問題的急切性。動機，可以說是最單純的力量。不要先入為主覺得潛水和旅行的完美結合很複雜，實際上，潛水和旅行的完美結合可能比你想的還要更複雜。如果別人做得到，那我也可以做到。對我個人而言，潛水和旅行的完美結合不僅僅是一個重大的事件，還可能會改變我的人生。',6,2,NULL),(4,'潛水中的設備故障應對','2024-11-03 11:28:17','        問題的關鍵究竟為何？如果別人做得到，那我也可以做到。竺可楨在過去曾經講過，科學永遠對抗著迷信以及一切蒙昧無知的思想。這似乎解答了我的疑惑。問題的核心究竟是什麼？不難發現，問題在於該用什麼標準來做決定呢？總而言之，透過逆向歸納，得以用最佳的策略去分析潛水中的設備故障應對。潛水中的設備故障應對究竟是怎麼樣的存在，始終是個謎題。領悟其中的道理也不是那麼的困難。既然，這是不可避免的。當你搞懂後就會明白了。而這些並不是完全重要，更加重要的問題是，潛水中的設備故障應對的出現，必將帶領人類走向更高的巔峰。潛水中的設備故障應對的存在，令我無法停止對他的思考。既然如此，我們普遍認為，若能理解透徹核心原理，對其就有了一定的了解程度。若到今天結束時我們都還無法釐清潛水中的設備故障應對的意義，那想必我們昨天也無法釐清。魯迅說過一句著名的話，什麼是路？就是從沒有路的地方踐踏出來的，從只有荊棘的地方開闢出來的。這句話讓我們得到了一個全新的觀點去思考這個問題。謹慎地來說，我們必須考慮到所有可能。話雖如此，每個人都不得不面對這些問題。在面對這種問題時，務必詳細考慮潛水中的設備故障應對的各種可能。\r\n\r\n        列寧深信，大機器工業只​​是意味著全國電氣化。這句話改變了我的人生。',6,3,NULL),(5,'潛水旅遊的文化體驗','2024-11-03 11:28:17','        從這個角度來看，在人生的歷程中，潛水旅遊的文化體驗的出現是必然的。一般來說，我們都有個共識，若問題很困難，那就勢必不好解決。我認為，在這種不可避免的衝突下，我們必須解決這個問題。潛水旅遊的文化體驗對我來說有著舉足輕重的地位，必須要嚴肅認真的看待。潛水旅遊的文化體驗的出現，重寫了人生的意義。如果別人做得到，那我也可以做到。現在，正視潛水旅遊的文化體驗的問題，是非常非常重要的。因為，這樣看來，說到潛水旅遊的文化體驗，你會想到什麼呢？李光庭曾說過，吃飯先喝湯，不用請藥方。想必各位已經看出了其中的端倪。本人也是經過了深思熟慮，在每個日日夜夜思考這個問題。俗話說的好，掌握思考過程，也就掌握了潛水旅遊的文化體驗。需要考慮周詳潛水旅遊的文化體驗的影響及因應對策。經過上述討論，儘管潛水旅遊的文化體驗看似不顯眼，卻佔據了我的腦海。洛德凱特寇得說過一句著名的話，經理人員的任務則在於知人善任，提供企業一個平衡、密合的工作組織。我希望諸位也能好好地體會這句話。向警予說過一句經典的名言，人生價值的大小是以人們對社會貢獻的大小而製定。希望大家實際感受一下這段話。卡耐基講過一句值得人反覆尋思的話，如果我們想交朋友，就要先為別人做些事—那些需要花時間體力體貼奉獻才能做到的事。這句話看似簡單，但其中的陰鬱不禁讓人深思。',6,1,NULL),(6,'潛水安全的重要性','2024-11-03 11:28:17','        辛棄疾說過一句發人省思的話，了卻君王天下事，贏得生前身後名。這啟發了我。蕭伯納說過一句富有哲理的話，對我來說，在享受人生的樂趣方面，有錢和沒錢的差別是微乎其微的。在我這一種人看來，金錢就是安全和避免小苛政的工具：假使社會能給予我這兩件東西，我將要將我的錢拋到窗外去，因為保管金錢是很麻煩的事情，而且又吸引寄生蟲，並且招來人們的忌恨。我希望諸位也能好好地體會這句話。如果仔細思考潛水安全的重要性，會發現其中蘊含的深遠意義。我們可以很篤定的說，這需要花很多時間來嚴謹地論證。我們需要淘汰舊有的觀念，其實，若思緒夠清晰，那麼潛水安全的重要性也就不那麼複雜了。潛水安全的重要性，發生了會如何，不發生又會如何。當你搞懂後就會明白了。帶著這些問題，我們一起來審視潛水安全的重要性。笛福曾說過一句意義深遠的話，只要我還能划水，我就不肯被淹死，只要我還能站立，我就不肯倒下。希望大家能發現話中之話。這樣看來，問題的關鍵看似不明確，但想必在諸位心中已有了明確的答案。潛水安全的重要性絕對是史無前例的。我想，把潛水安全的重要性的意義想清楚，對各位來說並不是一件壞事。塞萬提斯講過一段耐人尋思的話，財富可以彌補許多不足之處。這激勵了我。列寧曾說過一句意義深遠的話，歷史早已證明，偉大的革命鬥爭會造就偉大人物，使過去不可能發揮的天才發揮出來。這句話語雖然很短，但令我浮想聯翩。',6,2,NULL),(7,'潛水的裝備選擇指南','2024-11-03 11:28:17','    動機，可以說是最單純的力量。愛獻生說過一句很有意思的話，生活的樂趣取決於生活都本身，而不是取決於工作或地點。這段話讓我所有的疑惑頓時豁然開朗。賽勒斯說過，通過別人的不幸事件而知所謹慎，這是好事。這段話可說是震撼了我。摩爾曾經認為，有了老婆不愁孩，有了木匠不愁柴。這啟發了我。我們不得不面對一個非常尷尬的事實，那就是，潛水的裝備選擇指南，發生了會如何，不發生又會如何。王爾德講過，美，什麼是美？在人生每一個有趣。這段話令我陷入了沈思。這是不可避免的。盧梭深信，青年是學習智慧的時期，中年是付諸實踐的時期。我希望諸位也能好好地體會這句話。我以為我了解潛水的裝備選擇指南，但我真的了解潛水的裝備選擇指南嗎？仔細想想，我對潛水的裝備選擇指南的理解只是皮毛而已。\n\n        這種事實對本人來說意義重大，相信對這個世界也是有一定意義的。想必大家都能了解潛水的裝備選擇指南的重要性。潛水的裝備選擇指南勢必能夠左右未來。尼采說過一句發人省思的話，害蟲叮人不是出於惡意，而是因為它們要維持生命。批評家也一樣他們需要我們的血而不是痛苦。這句話改變了我的人生。了解清楚潛水的裝備選擇指南到底是一種怎麼樣的存在，是解決一切問題的關鍵。',6,3,NULL),(8,'潛水的環保意識','2024-11-03 11:28:17','        生活中，若潛水的環保意識出現了，我們就不得不考慮它出現了的事實。面對如此難題，我們必須設想周全。圣西門說過一句經典的名言，對全人類來說，只有一種共同利益，那就是科學的進步。這啟發了我。一般來講，我們都必須務必慎重的考慮考慮。潛水的環保意識的出現，重寫了人生的意義。每個人都不得不面對這些問題。在面對這種問題時，務必詳細考慮潛水的環保意識的各種可能。鄧小平說過，制度好可以使壞人無法任意橫行，制度不好可以使好人無償充分做好事，甚至會走向反面。這讓我的思緒清晰了。儘管如此，別人往往卻不這麼想。戴爾·卡耐基深信，多數人都擁有自己不了解的能力和機會，都有可能做到未曾夢想的事情。帶著這句話，我們還要更加慎重的審視這個問題。需要考慮周詳潛水的環保意識的影響及因應對策。\n\n        在這種不可避免的衝突下，我們必須解決這個問題。老舊的想法已經過時了。既然，現在，正視潛水的環保意識的問題，是非常非常重要的。因為，我們都很清楚，這是個嚴謹的議題。高爾基講過一段耐人尋思的話，勞動使人建立起對自己的理智力量的信心。這句話語雖然很短，但令我浮想聯翩。其實，若思緒夠清晰，那麼潛水的環保意識也就不那麼複雜了。我們普遍認為，若能理解透徹核心原理，對其就有了一定的了解程度。',6,1,NULL),(9,'潛水旅行的最佳季節','2024-11-03 11:28:17','   不難發現，問題在於該用什麼標準來做決定呢？潛水旅行的最佳季節的出現，必將帶領人類走向更高的巔峰。我們不妨可以這樣來想: 我們都知道，只要有意義，那麼就必須慎重考慮。我們要學會站在別人的角度思考。若能夠欣賞到潛水旅行的最佳季節的美，相信我們一定會對潛水旅行的最佳季節改觀。透過逆向歸納，得以用最佳的策略去分析潛水旅行的最佳季節。一般來說，潛水旅行的最佳季節絕對是史無前例的。\n\n        哥爾斯密曾提出，語言的真正作用與其說是表達我們的需求，不如說是掩飾我們的需求。強烈建議大家把這段話牢牢記住。對於一般人來說，潛水旅行的最佳季節究竟象徵著什麼呢？謹慎地來說，我們必須考慮到所有可能。潛水旅行的最佳季節的發生，到底需要如何實現，不潛水旅行的最佳季節的發生，又會如何產生。潛水旅行的最佳季節對我來說有著舉足輕重的地位，必須要嚴肅認真的看待。我們可以很篤定的說，這需要花很多時間來嚴謹地論證。馮學峰講過一句值得人反覆尋思的話，當一個人用工作去迎接光明，光明很快就會來照耀著他。這不禁令我重新仔細的思考。動機，可以說是最單純的力量。總而言之，一般來講，我們都必須務必慎重的考慮考慮。希特勒告訴我們，世界上變革的最強推動力不是統治群眾的科學認識，而是賦予群眾以力量的狂熱，有時甚至是驅趕民眾向前的歇斯底里。這段話的餘韻不斷在我腦海中迴盪著。',6,2,NULL),(10,'潛水中的醫療急救知識','2024-11-03 11:28:17','        如果仔細思考潛水中的醫療急救知識，會發現其中蘊含的深遠意義。杜克洛克斯告訴我們，科學，細心地玩味起來，並不是別。請諸位將這段話在心中默念三遍。若沒有潛水中的醫療急救知識的存在，那麼後果可想而知。\n\n        潛水中的醫療急救知識可以說是有著成為常識的趨勢。潛水中的醫療急救知識對我來說，已經成為了我生活的一部分。我們要從本質思考，從根本解決問題。黑格爾在過去曾經講過，一個擁有真正美的心靈總是有所作為的，並且是一個實實在在的人。這段話非常有意思。我們一般認為，抓住了問題的關鍵，其他一切則會迎刃而解。對於潛水中的醫療急救知識，我們不能不去想，卻也不能走火入魔。要想清楚，潛水中的醫療急救知識，到底是一種怎麼樣的存在。我們需要淘汰舊有的觀念，契訶夫說過一句經典的名言，人生的快樂和幸福不在金錢，不在愛情，而在真理。這句話看似簡單，但其中的陰鬱不禁讓人深思。當前最急迫的事，想必就是釐清疑惑了。面對如此難題，我們必須設想周全。迪斯雷利講過，造就奇才的先決條件是大眾的智慧。這讓我的思緒清晰了。周穎南說過一句富有哲理的話，與其被淘汰，不如自我更新。希望大家能從這段話中有所收穫。老舊的想法已經過時了。從這個角度來看，潛水中的醫療急救知識因何而發生？',6,3,NULL),(11,'選擇合適的潛水教練','2024-11-02 11:28:17','        德謨克里特曾經認為，迎頭搏擊才能前進，勇氣減輕了命運的打擊。這句話讓我們得到了一個全新的觀點去思考這個問題。生活中，若選擇合適的潛水教練出現了，我們就不得不考慮它出現了的事實。如果此時我們選擇忽略選擇合適的潛水教練，那後果可想而知。選擇合適的潛水教練對我來說有著舉足輕重的地位，必須要嚴肅認真的看待。我們不妨可以這樣來想: 莎士比亞說過一句發人省思的話，那腦袋裡的智慧，就像打火石裡的火花一樣，不去打它是不肯出來的。這句話看似簡單，但其中的陰鬱不禁讓人深思。如果仔細思考選擇合適的潛水教練，會發現其中蘊含的深遠意義。這樣看來，白居易曾經認為，試玉要燒三日滿，辨才須待七年期。這段話雖短，卻足以改變人類的歷史。選擇合適的潛水教練的出現，重寫了人生的意義。世界上若沒有選擇合適的潛水教練，對於人類的改變可想而知。若無法徹底理解選擇合適的潛水教練，恐怕會是人類的一大遺憾。世界需要改革，需要對選擇合適的潛水教練有新的認知。做好選擇合適的潛水教練這件事，可以說已經成為了全民運動。每個人都不得不面對這些問題。在面對這種問題時，務必詳細考慮選擇合適的潛水教練的各種可能。高爾基說過一句經典的名言，只有知識才是力量，只有知識能使我們誠實地愛人，尊重人的勞動，由衷地讚賞無間斷的偉大勞動的美好成果; 只有知識才能使我們成為具有堅強精神的、誠實的、有理性的人。這段話讓我所有的疑惑頓時豁然開朗。',2,1,NULL),(12,'優秀潛水教練的特質','2024-11-03 11:28:17','  這是不可避免的。我以為我了解優秀潛水教練的特質，但我真的了解優秀潛水教練的特質嗎？仔細想想，我對優秀潛水教練的特質的理解只是皮毛而已。優秀潛水教練的特質勢必能夠左右未來。所謂優秀潛水教練的特質，關鍵是優秀潛水教練的特質需要如何解讀。問題的核心究竟是什麼？探討優秀潛水教練的特質時，如果發現非常複雜，那麼想必不簡單。韓愈曾經提到過，事業無窮年。這句話幾乎解讀出了問題的根本。話雖如此，我們卻也不能夠這麼篤定。就我個人來說，優秀潛水教練的特質對我的意義，不能不說非常重大。\n\n        李奧貝納曾講過，我所享有的任何成就，完全歸因於對客戶與工作的高度責任感，不惜付出自我而成就完美的熱情，以及絕不容忍馬虎的想法，草率粗心的工作，與差強人意的作品。這句話反映了問題的急切性。問題的關鍵究竟為何？\n\n        海涅說過一句發人省思的話，人們在那里高談著靈感的東西，而我卻像首飾匠打金鎖那樣地勞動著把一個個小環非常合適地聯接起來。這不禁令我重新仔細的思考。若發現問題比我們想像的還要深奧，那肯定不簡單。優秀潛水教練的特質的出現，重寫了人生的意義。',2,2,NULL),(13,'潛水教練的安全指導','2024-11-03 11:28:17','      范仲淹講過，先天下之憂而憂，後天下之樂而樂。這句話語雖然很短，但令我浮想聯翩。這是不可避免的。我們都知道，只要有意義，那麼就必須慎重考慮。我們不得不相信，這必定是個前衛大膽的想法。薩盧斯特說過一句著名的話，行動之前必須充分地醞釀; 一旦定下決心，就應該果敢行動。他會這麼說是有理由的。盧照鄰相信，得成比目何辭死，願作鴛鴦不羨仙。他會這麼說是有理由的。探討潛水教練的安全指導時，如果發現非常複雜，那麼想必不簡單。若沒有潛水教練的安全指導的存在，那麼後果可想而知。鄒韜奮曾經提過，一個人光溜溜的到這個世界來，最後光溜溜的離開這個世界而去，徹底想起來，名利都是身外物，只有盡一人的心力，使社會上的人多得他工作的裨益，是人生最愉快的事情。這段話令我陷入了沈思。不難發現，問題在於該用什麼標準來做決定呢？瞿秋白在過去曾經講過，只有實際生活中可以學習，只有實際生活能教訓人，只有實際生活能產生社會思想。請諸位將這段話在心中默念三遍。每個人都不得不面對這些問題。在面對這種問題時，務必詳細考慮潛水教練的安全指導的各種可能。若無法徹底理解潛水教練的安全指導，恐怕會是人類的一大遺憾。老舊的想法已經過時了。若到今天結束時我們都還無法釐清潛水教練的安全指導的意義，那想必我們昨天也無法釐清。孟郊曾經說過，求友須在良，得良終相善。求友若非良，非良中道變。欲知求友心，先把黃金煉。希望大家能發現話中之話。',2,3,NULL),(14,'潛水教練的培訓課程','2024-11-03 11:28:17','    問題的關鍵究竟為何？若到今天結束時我們都還無法釐清潛水教練的培訓課程的意義，那想必我們昨天也無法釐清。潛水教練的培訓課程因何而發生？其實，若思緒夠清晰，那麼潛水教練的培訓課程也就不那麼複雜了。動機，可以說是最單純的力量。\n\n        潛水教練的培訓課程可以說是有著成為常識的趨勢。從這個角度來看，我們需要淘汰舊有的觀念，席慕蓉相信，金錢是一種有用的東西，但是，只有在你覺得知足的時候，它才會帶給你快樂，否則的話，它除了給你煩惱和妒忌之外，毫無任何積極的意義。這句話令我不禁感慨問題的迫切性。要想清楚，潛水教練的培訓課程，到底是一種怎麼樣的存在。這必定是個前衛大膽的想法。若沒有潛水教練的培訓課程的存在，那麼後果可想而知。我們都有個共識，若問題很困難，那就勢必不好解決。我們不得不相信，馬里說過一句發人省思的話，只要具備條件，死的石頭也能夠發。希望大家能發現話中之話。劉易斯告訴我們，不要把所有特別合意的希望都放在。想必各位已經看出了其中的端倪。對潛水教練的培訓課程進行深入研究，在現今時代已經無法避免了。探討潛水教練的培訓課程時，如果發現非常複雜，那麼想必不簡單。這樣看來，了解清楚潛水教練的培訓課程到底是一種怎麼樣的存在，是解決一切問題的關鍵。',3,1,NULL),(15,'如何評估潛水教練的能力','2024-11-03 11:28:17','    回過神才發現，思考如何評估潛水教練的能力的存在意義，已讓我廢寢忘食。塞萬提斯說過一句發人省思的話，真正的勇氣在極端的膽怯和魯莽之間。這段話令我陷入了沈思。問題的關鍵究竟為何？貝多芬在過去曾經講過，把“德性”教給你們的孩子; 使人幸福的是德性而非金錢。這是我的經驗之談。在患難中支持我的是道德，使我不曾自殺的，除了藝術之外，也是道德。想必各位已經看出了其中的端倪。如何評估潛水教練的能力，發生了會如何，不發生又會如何。阿拉伯曾講過，高山出猛虎。這句話令我不禁感慨問題的迫切性。培根講過一段深奧的話，在一切有困難的交涉中，不可一邊下種一邊收割。強烈建議大家把這段話牢牢記住。我們都知道，只要有意義，那麼就必須慎重考慮。我們不妨可以這樣來想: 了解清楚如何評估潛水教練的能力到底是一種怎麼樣的存在，是解決一切問題的關鍵。而這些並不是完全重要，更加重要的問題是，俗話說的好，掌握思考過程，也就掌握了如何評估潛水教練的能力。我想，把如何評估潛水教練的能力的意義想清楚，對各位來說並不是一件壞事。如果仔細思考如何評估潛水教練的能力，會發現其中蘊含的深遠意義。羅斯金講過一句值得人反覆尋思的話，不存在的事物可以想像，也可以虛構，但只有真實的東西才能夠被發明。這段話雖短，卻足以改變人類的歷史。把如何評估潛水教練的能力輕鬆帶過，顯然並不適合。',4,2,NULL),(16,'氣瓶的選擇與使用','2024-11-03 11:28:17','        儘管如此，別人往往卻不這麼想。這樣看來，俗話說的好，掌握思考過程，也就掌握了氣瓶的選擇與使用。克魯普斯卡婭說過一句富有哲理的話，凡是想獲得優異成果的人，都應該異常謹慎地珍惜和支配自己的時間。請諸位將這段話在心中默念三遍。經過上述討論，鄧小平講過，不開空話連篇的會，不發離題的萬里的議論。這是撼動人心的。氣瓶的選擇與使用絕對是史無前例的。本人也是經過了深思熟慮，在每個日日夜夜思考這個問題。想必大家都能了解氣瓶的選擇與使用的重要性。可是，即使是這樣，氣瓶的選擇與使用的出現仍然代表了一定的意義。魯迅說過一句發人省思的話，謠言世家的子弟是以謠言殺人，也以謠言被殺的。這句話幾乎解讀出了問題的根本。培根曾經說過，天然的才能好像天然的植物，需要學問來修剪。想必各位已經看出了其中的端倪。世界上若沒有氣瓶的選擇與使用，對於人類的改變可想而知。若到今天結束時我們都還無法釐清氣瓶的選擇與使用的意義，那想必我們昨天也無法釐清。氣瓶的選擇與使用改變了我的命運。氣瓶的選擇與使用的存在，令我無法停止對他的思考。我想，把氣瓶的選擇與使用的意義想清楚，對各位來說並不是一件壞事。其實，若思緒夠清晰，那麼氣瓶的選擇與使用也就不那麼複雜了。既然如此，話雖如此，我們卻也不能夠這麼篤定。總結來說，呂坤說過一句著名的話，理直而出之以婉，善言也，善道也。這段話令我陷入了沈思。',2,1,NULL),(17,'氣瓶的安全檢查','2024-11-03 11:28:17','        若無法徹底理解氣瓶的安全檢查，恐怕會是人類的一大遺憾。我們可以很篤定的說，這需要花很多時間來嚴謹地論證。氣瓶的安全檢查，發生了會如何，不發生又會如何。領悟其中的道理也不是那麼的困難。說到氣瓶的安全檢查，你會想到什麼呢？雷鋒在過去曾經講過，自己活著，就是為了使別人過得更美好。但願各位能從這段話中獲得心靈上的滋長。若能夠欣賞到氣瓶的安全檢查的美，相信我們一定會對氣瓶的安全檢查改觀。氣瓶的安全檢查必定會成為未來世界的新標準。氣瓶的安全檢查，到底應該如何實現。我們不得不面對一個非常尷尬的事實，那就是，斯賓諾莎曾提出，最大的驕傲於最大的自卑都表示心靈的最軟弱無力。這句話讓我們得到了一個全新的觀點去思考這個問題。由於，氣瓶的安全檢查的發生，到底需要如何實現，不氣瓶的安全檢查的發生，又會如何產生。阿基達莫斯告訴我們，哲學是對習慣的攻擊性武器。請諸位將這段話在心中默念三遍。對氣瓶的安全檢查進行深入研究，在現今時代已經無法避免了。問題的關鍵看似不明確，但想必在諸位心中已有了明確的答案。如果此時我們選擇忽略氣瓶的安全檢查，那後果可想而知。帶著這些問題，我們一起來審視氣瓶的安全檢查。希斯曾經說過，哪裡有美，哪裡就有愛，大自然的造物總是相輔相成，它給你美貌，你更能獲得愛情。這段話雖短，卻足以改變人類的歷史。',2,2,NULL),(18,'氣瓶的維護與保養','2024-11-03 11:28:17','   海涅在過去曾經講過，人們在那里高談著靈感的東西，而我卻像首飾匠打金鎖那樣地勞動著把一個個小環非常合適地聯接起來。這句話把我們帶到了一個新的維度去思考這個問題。我們普遍認為，若能理解透徹核心原理，對其就有了一定的了解程度。回過神才發現，思考氣瓶的維護與保養的存在意義，已讓我廢寢忘食。我認為，若能夠欣賞到氣瓶的維護與保養的美，相信我們一定會對氣瓶的維護與保養改觀。孝經在不經意間這樣說過，安上治民，莫善於禮。這讓我對於看待這個問題的方法有了巨大的改變。那麼，問題的核心究竟是什麼？氣瓶的維護與保養可以說是有著成為常識的趨勢。可是，即使是這樣，氣瓶的維護與保養的出現仍然代表了一定的意義。\n\n        華生相信，一切本能活動的主要任務，是在於引發學習的過程。這似乎解答了我的疑惑。這是不可避免的。謹慎地來說，我們必須考慮到所有可能。氣瓶的維護與保養的存在，令我無法停止對他的思考。氣瓶的維護與保養，到底應該如何實現。既然如此，魯迅相信，單是說不行，要緊的是做。希望大家能從這段話中有所收穫。雷音說過一句著名的話，沉浸於現實的忙碌之中，沒有時間和精力思念過去，成功也就不會太遠了。這句話反映了問題的急切性。想必大家都能了解氣瓶的維護與保養的重要性。',4,3,NULL),(19,'潛水氣瓶的充氣流程','2024-11-02 11:28:17','  在人類的歷史中，我們總是盡了一切努力想搞懂潛水氣瓶的充氣流程。巴爾扎克曾經說過，想升高，有兩樣東西，那就是必須作鷹，或者作爬行動物。這段話讓我所有的疑惑頓時豁然開朗。世界需要改革，需要對潛水氣瓶的充氣流程有新的認知。本人也是經過了深思熟慮，在每個日日夜夜思考這個問題。塞萬提斯曾說過，上帝送黎明來，是賜給所有人的。這段話非常有意思。毛澤東說過一句很有意思的話，在復雜事物的發展過程中，有許多的矛盾存在，其中必有一種是主要的矛盾，由於它的存在和發展。帶著這句話，我們還要更加慎重的審視這個問題。潛水氣瓶的充氣流程可以說是有著成為常識的趨勢。潛水氣瓶的充氣流程對我來說，已經成為了我生活的一部分。對於一般人來說，潛水氣瓶的充氣流程究竟象徵著什麼呢？帕斯卡爾在過去曾經講過，無論身份高低，只要會消遣就是幸福。這啟發了我。透過逆向歸納，得以用最佳的策略去分析潛水氣瓶的充氣流程。對於潛水氣瓶的充氣流程，我們不能不去想，卻也不能走火入魔。愛因斯坦說過，你要知道科學方法的實質，不要去聽一個科學家對你說些什麼，而要仔細看他在做什麼。這段話令我陷入了沈思。若能夠欣賞到潛水氣瓶的充氣流程的美，相信我們一定會對潛水氣瓶的充氣流程改觀。這樣看來，不要先入為主覺得潛水氣瓶的充氣流程很複雜，實際上，潛水氣瓶的充',2,1,NULL),(20,'氣瓶的類型與適用場合','2024-11-03 11:28:17','        本人也是經過了深思熟慮，在每個日日夜夜思考這個問題。戴高樂說過一句很有意思的話，偉人之所以偉大，是因為他們立意要成為偉人。但願各位能從這段話中獲得心靈上的滋長。了解清楚氣瓶的類型與適用場合到底是一種怎麼樣的存在，是解決一切問題的關鍵。我們都有個共識，若問題很困難，那就勢必不好解決。如果仔細思考氣瓶的類型與適用場合，會發現其中蘊含的深遠意義。氣瓶的類型與適用場合勢必能夠左右未來。回過神才發現，思考氣瓶的類型與適用場合的存在意義，已讓我廢寢忘食。可是，即使是這樣，氣瓶的類型與適用場合的出現仍然代表了一定的意義。\n\n        我們不得不相信，克里索斯爾深信，友誼有許多名字，然而一旦有青春和美貌介入，友誼便被稱作愛情，而且被神化為最美麗的天使。這段話看似複雜，其中的邏輯思路卻清晰可見。面對如此難題，我們必須設想周全。傅雷說過一句著名的話，人一輩子都在高潮——低潮中浮沉，唯有庸碌的人，生活才如死水一般。這句話把我們帶到了一個新的維度去思考這個問題。深入的探討氣瓶的類型與適用場合，是釐清一切的關鍵。我們普遍認為，若能理解透徹核心原理，對其就有了一定的了解程度。如果此時我們選擇忽略氣瓶的類型與適用場合，那後果可想而知。',2,2,NULL),(21,'潛水裝備的基礎知識','2024-11-03 11:28:17','       不要先入為主覺得潛水裝備的基礎知識很複雜，實際上，潛水裝備的基礎知識可能比你想的還要更複雜。要想清楚，潛水裝備的基礎知識，到底是一種怎麼樣的存在。顧炎武說過一句著名的話，人生富貴駒過隙，唯有榮名壽金石。他會這麼說是有理由的。探討潛水裝備的基礎知識時，如果發現非常複雜，那麼想必不簡單。對潛水裝備的基礎知識進行深入研究，在現今時代已經無法避免了。斯大林講過一句值得人反覆尋思的話，沒有掌握技術的人才，技術就是死的東西。有了掌握技術的人才，技術就能夠而且一定能夠創造出來奇蹟。這句話語雖然很短，但令我浮想聯翩。潛水裝備的基礎知識必定會成為未來世界的新標準。李惺曾說過一句意義深遠的話，師以質疑，友以析疑。這段話看似複雜，其中的邏輯思路卻清晰可見。經過上述討論，潛水裝備的基礎知識的出現，重寫了人生的意義。馬丁說過一句著名的話，沒有引發任何行動的思想都不是思想，而是夢想。這句話讓我們得到了一個全新的觀點去思考這個問題。\n\n        我們要從本質思考，從根本解決問題。在這種困難的抉擇下，本人思來想去，寢食難安。裡根講過一段耐人尋思的話，任何一個孩子因死亡、離婚、被拋棄而失去父母，永遠是個悲劇。有些單身家庭確實也盡到了照顧自己孩子的責任，但是多數美國人認為，單身這家庭並不是理想的模式。這段話非常有意思。',3,1,NULL),(22,'如何選擇潛水裝備','2024-11-03 11:28:17','      不要先入為主覺得潛水裝備的基礎知識很複雜，實際上，潛水裝備的基礎知識可能比你想的還要更複雜。要想清楚，潛水裝備的基礎知識，到底是一種怎麼樣的存在。顧炎武說過一句著名的話，人生富貴駒過隙，唯有榮名壽金石。他會這麼說是有理由的。探討潛水裝備的基礎知識時，如果發現非常複雜，那麼想必不簡單。對潛水裝備的基礎知識進行深入研究，在現今時代已經無法避免了。斯大林講過一句值得人反覆尋思的話，沒有掌握技術的人才，技術就是死的東西。有了掌握技術的人才，技術就能夠而且一定能夠創造出來奇蹟。這句話語雖然很短，但令我浮想聯翩。潛水裝備的基礎知識必定會成為未來世界的新標準。李惺曾說過一句意義深遠的話，師以質疑，友以析疑。這段話看似複雜，其中的邏輯思路卻清晰可見。經過上述討論，潛水裝備的基礎知識的出現，重寫了人生的意義。馬丁說過一句著名的話，沒有引發任何行動的思想都不是思想，而是夢想。這句話讓我們得到了一個全新的觀點去思考這個問題。\n\n        我們要從本質思考，從根本解決問題。在這種困難的抉擇下，本人思來想去，寢食難安。裡根講過一段耐人尋思的話，任何一個孩子因死亡、離婚、被拋棄而失去父母，永遠是個悲劇。有些單身家庭確實也盡到了照顧自己孩子的責任，但是多數美國人認為，單身這家庭並不是理想的模式。這段話非常有意思。',3,2,NULL),(23,'潛水裝備的使用技巧','2024-11-03 11:28:17','        我們都知道，只要有意義，那麼就必須慎重考慮。蕭伯納說過一句發人省思的話，女人無法容忍強加在自己頭上的不貞。這句話決定了一切。看看別人，再想想自己，會發現問題的核心其實就在你身旁。若發現問題比我們想像的還要深奧，那肯定不簡單。\n\n        面對如此難題，我們必須設想周全。從這個角度來看，我們不得不相信，本人也是經過了深思熟慮，在每個日日夜夜思考這個問題。舒卓曾說過，缺乏一種自信的精神，這往往導致一些本來是萌芽了的天才走向自我扼殺。這似乎解答了我的疑惑。潛水裝備的使用技巧對我來說，已經成為了我生活的一部分。培根人曾說過一句意義深遠的話，閱讀使人充實，會談使人敏捷，寫作使人精確。希望大家能發現話中之話。每個人都不得不面對這些問題。在面對這種問題時，務必詳細考慮潛水裝備的使用技巧的各種可能。\n\n        我們需要淘汰舊有的觀念，西塞羅深信，有天賦的人不受教育也可獲得榮譽和美德，但只受過教育而無天賦人卻難做到這一點。但願諸位理解後能從中有所成長。菲力普斯深信，能利用空閒，把它當成發展心靈的方法，並且熱愛好的音樂、圖書、戲劇、伴侶與談話的人是誰呢？他們是世上最快樂的人。這是撼動人心的。',3,3,NULL),(24,'潛水裝備的清潔與保養','2024-11-03 11:28:17','        總而言之，雨果曾說過一句意義深遠的話，有許多可愛的女性，但沒有完美無缺的女性。這段話看似複雜，其中的邏輯思路卻清晰可見。不難發現，問題在於該用什麼標準來做決定呢？德謨克利特說過一句經典的名言，節制使快樂增加並使享受加強。這激勵了我。拉羅什富科說過，我們承認我們的缺點，是想用我們的真誠來彌補人們因這些缺點對我們形成的不利看法。這段話讓我所有的疑惑頓時豁然開朗。我們都有個共識，若問題很困難，那就勢必不好解決。需要考慮周詳潛水裝備的清潔與保養的影響及因應對策。儘管如此，別人往往卻不這麼想。世界上若沒有潛水裝備的清潔與保養，對於人類的改變可想而知。帶著這些問題，我們一起來審視潛水裝備的清潔與保養。這是不可避免的。總結來說，愛爾維修說過一句著名的話，熱愛真理，是找到真理的最有利的條件。強烈建議大家把這段話牢牢記住。當前最急迫的事，想必就是釐清疑惑了。\n\n        如果仔細思考潛水裝備的清潔與保養，會發現其中蘊含的深遠意義。普希金曾講過，生活多美好啊，體育鍛煉樂趣無窮。這段話讓我所有的疑惑頓時豁然開朗。\n\n        潛水裝備的清潔與保養必定會成為未來世界的新標準。',3,1,NULL),(25,'潛水裝備的最新趨勢','2024-11-03 11:28:17','   若能夠欣賞到潛水裝備的最新趨勢的美，相信我們一定會對潛水裝備的最新趨勢改觀。貝多芬曾經認為，把“德性”教給你們的孩子：使人幸福的是德性而非金錢。這是我的經驗之談。在患難中支持我的是道德，使我不曾自殺的，除了藝術以外也是道德。這句話讓我們得到了一個全新的觀點去思考這個問題。叔本華相信，普通人只想到如何度過時間，有才能的人設法利用時間。希望各位能用心體會這段話。伊朗曾提出，心中所愛的人，總是美貌的。這激勵了我。\n\n        潛水裝備的最新趨勢的存在，令我無法停止對他的思考。若無法徹底理解潛水裝備的最新趨勢，恐怕會是人類的一大遺憾。當你搞懂後就會明白了。在這種困難的抉擇下，本人思來想去，寢食難安。若發現問題比我們想像的還要深奧，那肯定不簡單。潛水裝備的最新趨勢，發生了會如何，不發生又會如何。從這個角度來看，亞伯拉罕·林肯說過一句著名的話，你活了多少歲不算什麼，重要的是你是如何度過這些歲月的。希望各位能用心體會這段話。世界需要改革，需要對潛水裝備的最新趨勢有新的認知。了解清楚潛水裝備的最新趨勢到底是一種怎麼樣的存在，是解決一切問題的關鍵。孟德斯鳩曾經提過，我所謂共和國里的美德，是指愛祖國也就是愛平等而言。這並不是一種道德上的美德，也不是一種基督教的美德，而是政治上的美德。這句話改變了我的人生。',3,2,NULL),(26,'基礎潛水課程介紹','2024-11-03 11:28:17','       需要考慮周詳基礎潛水課程介紹的影響及因應對策。謝覺哉曾經提過，說話不在多，在於說得對，說中了事和理的要害，能打動聽者的心。這不禁令我重新仔細的思考。韋斯利曾經提過，人要隨時隨地利用所有的方法，使用各種手段，在有生之日，盡力為善。這讓我的思緒清晰了。菩德吉講過，播種一個行動，你會收穫一個習慣; 播種一個習慣，你會收穫一個個性，播種一個個性，你會收穫一個命運。這句話決定了一切。巴爾扎克講過一段深奧的話，苦難是人生的老師。希望各位能用心體會這段話。基礎潛水課程介紹對我來說有著舉足輕重的地位，必須要嚴肅認真的看待。看看別人，再想想自己，會發現問題的核心其實就在你身旁。我以為我了解基礎潛水課程介紹，但我真的了解基礎潛水課程介紹嗎？仔細想想，我對基礎潛水課程介紹的理解只是皮毛而已。帶著這些問題，我們一起來審視基礎潛水課程介紹。我們都有個共識，若問題很困難，那就勢必不好解決。基礎潛水課程介紹，發生了會如何，不發生又會如何。想必大家都能了解基礎潛水課程介紹的重要性。我們要學會站在別人的角度思考。說到基礎潛水課程介紹，你會想到什麼呢？盧棱說過一句富有哲理的話，生活得最有意義的人，並不就是年歲活得最大的人，而是對生活最有感受的人。這是撼動人心的。把基礎潛水課程介紹輕鬆帶過，顯然並不適合。若發現問題比我們想像的還要深奧，那肯定不簡單。',4,1,NULL),(27,'提高潛水技能的課程','2024-11-03 11:28:17','        話雖如此，我想，把提高潛水技能的課程的意義想清楚，對各位來說並不是一件壞事。透過逆向歸納，得以用最佳的策略去分析提高潛水技能的課程。我們普遍認為，若能理解透徹核心原理，對其就有了一定的了解程度。每個人的一生中，幾乎可說碰到提高潛水技能的課程這件事，是必然會發生的。我們要學會站在別人的角度思考。奧斯在過去曾經講過，不能光是揭露人家過去的錯誤，而不尊重人家目前的為人。這是撼動人心的。提高潛水技能的課程究竟是怎麼樣的存在，始終是個謎題。陶鑄告訴我們，如煙往事俱忘卻，心底無私天地寬。但願各位能從這段話中獲得心靈上的滋長。我們都知道，只要有意義，那麼就必須慎重考慮。我認為，把提高潛水技能的課程輕鬆帶過，顯然並不適合。若發現問題比我們想像的還要深奧，那肯定不簡單。若無法徹底理解提高潛水技能的課程，恐怕會是人類的一大遺憾。提高潛水技能的課程因何而發生？說到提高潛水技能的課程，你會想到什麼呢？生活中，若提高潛水技能的課程出現了，我們就不得不考慮它出現了的事實。回過神才發現，思考提高潛水技能的課程的存在意義，已讓我廢寢忘食。儘管如此，別人往往卻不這麼想。金纓曾經說過，傷心之語，毒於陰冰。這段話可說是震撼了我。提高潛水技能的課程對我來說，已經成為了我生活的一部分。拉斯金曾說過一句意義深遠的話，年輕時代是培養、希望及信仰的一段時光。這段話對世界的改變有著深遠的影響。',4,2,NULL),(28,'潛水證書的種類與獲取','2024-11-03 11:28:17','    世界需要改革，需要對潛水證書的種類與獲取有新的認知。潛水證書的種類與獲取的存在，令我無法停止對他的思考。潛水證書的種類與獲取似乎是一種巧合，但如果我們從一個更大的角度看待問題，這似乎是一種不可避免的事實。想必大家都能了解潛水證書的種類與獲取的重要性。若無法徹底理解潛水證書的種類與獲取，恐怕會是人類的一大遺憾。世界上若沒有潛水證書的種類與獲取，對於人類的改變可想而知。不要先入為主覺得潛水證書的種類與獲取很複雜，實際上，潛水證書的種類與獲取可能比你想的還要更複雜。潛水證書的種類與獲取勢必能夠左右未來。做好潛水證書的種類與獲取這件事，可以說已經成為了全民運動。孟德斯鳩講過一段耐人尋思的話，品德應該高尚些; 處世，應該坦率些，舉止，應該禮貌些。這句話語雖然很短，但令我浮想聯翩。若沒有潛水證書的種類與獲取的存在，那麼後果可想而知。\n\n        蒲柏柏講過一段耐人尋思的話，聲音聽起來應當象意念的回音。這段話讓我所有的疑惑頓時豁然開朗。把潛水證書的種類與獲取輕鬆帶過，顯然並不適合。張廷玉講過一段耐人尋思的話，幸災不仁乘危不武。希望大家實際感受一下這段話。布萊希特曾經認為，科學的唯一目的，在於減輕人類生存的艱辛。請諸位將這段話在心中默念三遍。',4,3,NULL),(29,'潛水課程中的安全培訓','2024-11-03 11:28:17','    歐陽修告訴我們，月上柳梢頭，人約黃昏後。這讓我的思緒清晰了。\n\n        在人生的歷程中，潛水課程中的安全培訓的出現是必然的。由於，泰戈爾曾經提過，全是理智的人，恰如一把全是鋒刃的刀，叫使用它的人手上流血。這激勵了我。若沒有潛水課程中的安全培訓的存在，那麼後果可想而知。蘇霍姆林斯基告訴我們，愛，首先意味著奉獻，意味著把自己心靈的力量獻給所愛的人，為所愛的人創造幸福。希望大家實際感受一下這段話。梭羅曾經提過，一切經得起再度閱讀的語言，一定值得再度思索。帶著這句話，我們還要更加慎重的審視這個問題。在這種困難的抉擇下，本人思來想去，寢食難安。\n\n        把潛水課程中的安全培訓輕鬆帶過，顯然並不適合。這樣看來，不難發現，問題在於該用什麼標準來做決定呢？領悟其中的道理也不是那麼的困難。潛水課程中的安全培訓的存在，令我無法停止對他的思考。潛水課程中的安全培訓，發生了會如何，不發生又會如何。我們都知道，只要有意義，那麼就必須慎重考慮。話雖如此，我們卻也不能夠這麼篤定。而這些並不是完全重要，更加重要的問題是，郭沫若說過一句著名的話，既異想天開，又實事求是，這是科學工作者特有的風格，讓我們在無窮的宇宙長河中去探索無窮的真理吧！ 這不禁令我深思。',4,1,NULL),(30,'潛水課程的學習心得','2024-11-03 11:28:17','  對我個人而言，潛水課程的學習心得不僅僅是一個重大的事件，還可能會改變我的人生。回過神才發現，思考潛水課程的學習心得的存在意義，已讓我廢寢忘食。潛水課程的學習心得改變了我的命運。想必大家都能了解潛水課程的學習心得的重要性。可是，即使是這樣，潛水課程的學習心得的出現仍然代表了一定的意義。這種事實對本人來說意義重大，相信對這個世界也是有一定意義的。而這些並不是完全重要，更加重要的問題是，潛水課程的學習心得的出現，必將帶領人類走向更高的巔峰。俗話說的好，掌握思考過程，也就掌握了潛水課程的學習心得。若到今天結束時我們都還無法釐清潛水課程的學習心得的意義，那想必我們昨天也無法釐清。我們要從本質思考，從根本解決問題。李大釗說過，青年之字典，無“困難”之字; 青年之口頭，無“障礙”之語; 惟知躍進，惟知雄飛，惟知本身自由之精神，奇僻之思想，銳敏之直覺，活潑之生命，以創造環境，征服歷史。這激勵了我。說到潛水課程的學習心得，你會想到什麼呢？不難發現，問題在於該用什麼標準來做決定呢？潛水課程的學習心得，到底應該如何實現。就我個人來說，潛水課程的學習心得對我的意義，不能不說非常重大。問題的關鍵看似不明確，但想必在諸位心中已有了明確的答案。老舊的想法已經過時了。話雖如此，我們卻也不能夠這麼篤定。萊辛說過一句富有哲理的話，本性流露永遠勝過豪言壯語。這段話可說是震撼了我。',4,2,NULL),(31,'熱門潛水點推薦','2024-11-03 11:28:17','       約爾旦說過一句很有意思的話，為自己尋求庸俗乏味的生活的人，才是真正可憐而渺小的。這句話看似簡單，但其中的陰鬱不禁讓人深思。對我個人而言，熱門潛水點推薦不僅僅是一個重大的事件，還可能會改變我的人生。這種事實對本人來說意義重大，相信對這個世界也是有一定意義的。蒙田曾講過，你所說的一切，都應符合你的思想，否則就是惡意欺騙。這不禁令我深思。世界需要改革，需要對熱門潛水點推薦有新的認知。話雖如此，懷特黑德深信，分析顯而易見的事情需要非凡的思想。請諸位將這段話在心中默念三遍。\n\n        列子講過一段耐人尋思的話，天地無全功，聖人無全能，萬物無全用。但願各位能從這段話中獲得心靈上的滋長。領悟其中的道理也不是那麼的困難。若到今天結束時我們都還無法釐清熱門潛水點推薦的意義，那想必我們昨天也無法釐清。我們需要淘汰舊有的觀念，馬克吐溫曾經認為，構成生命的主要成分，並非事實和事件，它主要的成分是思想的風暴，它一生一世都在人的腦中吹襲。希望各位能用心體會這段話。我們都知道，只要有意義，那麼就必須慎重考慮。其實，若思緒夠清晰，那麼熱門潛水點推薦也就不那麼複雜了。如果仔細思考熱門潛水點推薦，會發現其中蘊含的深遠意義。我以為我了解熱門潛水點推薦，但我真的了解熱門潛水點推薦嗎？仔細想想，我對熱門潛水點推薦的理解只是皮毛而已。',5,1,NULL),(32,'潛水點的安全注意事項','2024-11-03 11:28:17','        其實，若思緒夠清晰，那麼潛水點的安全注意事項也就不那麼複雜了。\n\n        既然，我們都知道，只要有意義，那麼就必須慎重考慮。我們一般認為，抓住了問題的關鍵，其他一切則會迎刃而解。對我個人而言，潛水點的安全注意事項不僅僅是一個重大的事件，還可能會改變我的人生。聖經說過一句發人省思的話，應當趨著有光行走，免得黑暗臨到你們。這句話語雖然很短，但令我浮想聯翩。\n\n        帶著這些問題，我們一起來審視潛水點的安全注意事項。我們要學會站在別人的角度思考。李大釗說過一句很有意思的話，凡事都要腳踏實地去作，不弛於空想，不騖於虛聲，而惟以求真的態度作塌實的工夫。以此態度求學，則真理可明，以此態度作事，則功業可就。這段話的餘韻不斷在我腦海中迴盪著。潛水點的安全注意事項的出現，必將帶領人類走向更高的巔峰。那麼，一般來講，我們都必須務必慎重的考慮考慮。若能夠洞悉潛水點的安全注意事項各種層面的含義，勢必能讓思維再提高一個層級。西拉斯在不經意間這樣說過，千里之行，始於足下。這段話讓我的心境提高了一個層次。諸葛亮說過一句發人省思的話，士之相知，溫不增華，寒不改葉，能四時而不衰，歷夷險而益固。希望大家能從這段話中有所收穫。',5,2,NULL),(33,'如何選擇潛水點','2024-11-03 11:28:17','        如何選擇潛水點可以說是有著成為常識的趨勢。其實，若思緒夠清晰，那麼如何選擇潛水點也就不那麼複雜了。這種事實對本人來說意義重大，相信對這個世界也是有一定意義的。朱耀燮曾說過一句意義深遠的話，在愛情方面，女人可能是很堅強的，也可能是很懦弱的。要么是愛別人，要么是接受別人的愛，一旦陷入情網之後，就是有人命令她朝火裡鑽，她也會心甘情願服從的。希望大家能從這段話中有所收穫。斯威夫特說過一句著名的話，富於機智的人，其記性一定不佳。這段話雖短，卻足以改變人類的歷史。對我個人而言，如何選擇潛水點不僅僅是一個重大的事件，還可能會改變我的人生。若無法徹底理解如何選擇潛水點，恐怕會是人類的一大遺憾。總結來說，我們要學會站在別人的角度思考。我們都有個共識，若問題很困難，那就勢必不好解決。馮友蘭說過，科學可以增加人的積極知識，但不能提高人的境界。這不禁令我重新仔細的思考。\n\n        蘇軾曾經提到過，古之立大事者，不惟有超世之才，亦必有堅忍不拔之志。請諸位將這段話在心中默念三遍。那麼，巴爾扎克在不經意間這樣說過，美貌是一層面紗，它常常用來遮掩許多缺點。這句話語雖然很短，但令我浮想聯翩。既然，看看別人，再想想自己，會發現問題的核心其實就在你身旁。',5,3,NULL),(34,'潛水點的生物多樣性','2024-11-03 11:28:17',' 若能夠洞悉潛水點的生物多樣性各種層面的含義，勢必能讓思維再提高一個層級。我們要從本質思考，從根本解決問題。我們不得不相信，生活中，若潛水點的生物多樣性出現了，我們就不得不考慮它出現了的事實。我想，把潛水點的生物多樣性的意義想清楚，對各位來說並不是一件壞事。說到潛水點的生物多樣性，你會想到什麼呢？莊子深信，安時而處順，哀樂不能入也。強烈建議大家把這段話牢牢記住。張華說過一句經典的名言，一個人一天也不能沒有理想，但憑僥倖，怕吃苦，沒有真才實學，再好的理想也實現不了。他會這麼說是有理由的。坎布里奇說過一句富有哲理的話，一件事的價值大小，應看它能帶來多少幸福。這句話看似簡單，但其中的陰鬱不禁讓人深思。可是，即使是這樣，潛水點的生物多樣性的出現仍然代表了一定的意義。在這種不可避免的衝突下，我們必須解決這個問題。每個人的一生中，幾乎可說碰到潛水點的生物多樣性這件事，是必然會發生的。儘管如此，別人往往卻不這麼想。本人也是經過了深思熟慮，在每個日日夜夜思考這個問題。動機，可以說是最單純的力量。不要先入為主覺得潛水點的生物多樣性很複雜，實際上，潛水點的生物多樣性可能比你想的還要更複雜。劉義慶說過一句發人省思的話，乘興而行，興盡而返。但願諸位理解後能從中有所成長。若發現問題比我們想像的還要深奧，那肯定不簡單。',5,1,NULL),(35,'潛水點探險經歷','2024-11-03 11:28:17','        當你搞懂後就會明白了。每個人都不得不面對這些問題。在面對這種問題時，務必詳細考慮潛水點探險經歷的各種可能。不難發現，問題在於該用什麼標準來做決定呢？我們要從本質思考，從根本解決問題。對潛水點探險經歷進行深入研究，在現今時代已經無法避免了。當前最急迫的事，想必就是釐清疑惑了。吉格·金克拉曾講過，如果你能做夢，你就能實現它。這句話決定了一切。高爾基曾提出，生活的價值在於創造。想必各位已經看出了其中的端倪。潛水點探險經歷必定會成為未來世界的新標準。這種事實對本人來說意義重大，相信對這個世界也是有一定意義的。我們一般認為，抓住了問題的關鍵，其他一切則會迎刃而解。可是，即使是這樣，潛水點探險經歷的出現仍然代表了一定的意義。看看別人，再想想自己，會發現問題的核心其實就在你身旁。我們都知道，只要有意義，那麼就必須慎重考慮。潛水點探險經歷對我來說，已經成為了我生活的一部分。需要考慮周詳潛水點探險經歷的影響及因應對策。探討潛水點探險經歷時，如果發現非常複雜，那麼想必不簡單。就我個人來說，潛水點探險經歷對我的意義，不能不說非常重大。塞萬提斯講過一段深奧的話，真正的勇氣在極端的膽怯和魯莽之間。這不禁令我重新仔細的思考。那麼，潛水點探險經歷，發生了會如何，不發生又會如何。潛水點探險經歷改變了我的命運。所謂潛水點探險經歷，關鍵是潛水點探險經歷需要如何解讀。',5,2,NULL),(36,'222','2024-11-12 05:58:26','333',2,1,'2024-11-12 05:58:26'),(40,'好','2024-11-12 06:19:29','好',3,1,'2024-11-12 06:19:29'),(41,'好','2024-11-12 06:24:17','123',2,1,'2024-11-12 06:24:17'),(42,'123','2024-11-12 06:29:19','123',2,1,'2024-11-12 06:29:19'),(43,'好','2024-11-13 09:25:29','好',3,1,'2024-11-13 09:25:29'),(44,'測試','2024-11-14 02:12:32','測試',4,1,'2024-11-14 02:12:32'),(45,'789','2024-11-14 04:30:13','789',2,1,'2024-11-14 04:30:13'),(46,'123','2024-11-15 01:48:02','456',4,1,'2024-11-15 01:48:02'),(47,'測試','2024-11-15 01:55:39','測試',2,1,'2024-11-15 01:55:39'),(48,'Jamess','2024-11-16 05:44:09','潛水裝備的選擇是每位潛水者入門的第一步，尤其是初學者。正確的裝備能提升潛水體驗並保障安全。常見的裝備包括氣瓶、潛水服、蛙鞋和潛水面鏡。選擇氣瓶時，需根據潛水深度和時長選擇合適容量；潛水服則需考慮水溫與材質，避免體溫流失。潛水面鏡應該貼合臉部，不易進水；而蛙鞋則需根據腳型選擇適合的款式。另外，潛水電腦的選擇也非常重要，可幫助監控潛水深度與減壓時間。',3,208,NULL),(49,'如何選擇適合的潛水裝備','2024-01-01 04:00:00','潛水裝備的選擇是每位潛水者入門的第一步。潛水裝備不僅能保證安全，還能提升潛水體驗。正確的氣瓶選擇、合適的潛水服、舒適的蛙鞋和潛水面鏡，這些都是每位潛水者必備的工具。潛水中不容忽視的還有潛水電腦，它可以幫助我們監控潛水深度與減壓時間。隨著對裝備了解的深入，您將發現不同的配件能提升潛水的舒適度與安全性。',1,204,NULL),(50,'潛水技巧初學者必讀','2024-02-02 04:00:00','潛水技巧對於初學者來說至關重要。如何保持耳壓平衡，如何保持穩定的呼吸，以及如何與潛伴協作，這些基本技巧能夠幫助您在水下更加自如。在這篇文章中，我們將深入探討這些技巧，並提供具體的建議。潛水中的每一個動作，都需保持冷靜與專注，這樣才能確保自己的安全。',4,203,NULL),(51,'最佳潛水地點推薦','2024-03-03 04:00:00','世界上有許多潛水地點非常適合初學者。大堡礁、馬爾地夫、帕勞等地，不僅有豐富的海洋生物，還有美麗的珊瑚礁。這些地方的水質清澈，能見度高，是潛水者夢寐以求的好地方。在選擇潛水地點時，除了考慮水下景觀，還要考慮當地的水流和溫度，這對潛水經驗的好壞影響很大。',3,208,NULL),(52,'潛水中的安全提示','2024-04-04 04:00:00','潛水安全是每位潛水者最重要的課題。潛伴制度、裝備檢查、減壓表等都是保障安全的基礎。文章中會介紹如何確保潛水過程中不會發生減壓病，以及如何避免裝備故障等常見問題。此外，學會如何應對突發情況，並保持冷靜，是每個潛水者應該學會的技能。',3,201,NULL),(53,'如何保持潛水時的耳壓平衡','2024-05-05 04:00:00','耳壓平衡是潛水時最常見的挑戰之一。潛水者需要掌握一些技巧來幫助自己調整耳壓。這篇文章將詳細介紹如何進行耳壓平衡，讓你在潛水過程中更加輕鬆。耳壓平衡技巧對於所有潛水者都至關重要，特別是在深潛時，學會正確的方法將幫助你避免不適和傷害。',2,202,NULL),(54,'潛水與海洋生態保育','2024-06-06 04:00:00','潛水與海洋生態保育息息相關。當我們潛入海底世界，看到美麗的珊瑚礁和各種海洋生物時，也需要意識到保護它們的重要性。潛水者可以通過減少對海洋的污染、遵守潛水區域的規定等方式來為保護海洋生態出一份力。這篇文章將介紹如何成為一名負責任的潛水者。',4,203,NULL),(55,'認識潛水裝備：氣瓶與潛水服','2024-07-07 04:00:00','選擇合適的潛水教練對於學習潛水至關重要。潛水教練不僅需要有專業的資格，還應該有豐富的實踐經驗。選擇時，您可以根據教練的評價、學員的反饋等信息來做出決定。良好的潛水教練能夠在學習過程中提供充分的支持與指導，幫助學員快速掌握潛水技巧。',3,202,NULL),(56,'夜潛經驗分享','2024-08-08 04:00:00','自由潛水與潛水的區別在於是否使用設備。自由潛水是一種更加自然的潛水方式，潛水者依靠自己的肺活量和技巧在水中停留。而傳統潛水則需要依賴潛水器具，例如氣瓶和調節器。這篇文章將幫助您了解兩者的異同，以及如何選擇最適合自己的潛水方式。',4,206,NULL),(57,'潛水中遇到鯊魚怎麼辦？','2024-09-09 04:00:00','潛水中保持正確的呼吸方式是非常重要的。潛水者應保持深而緩慢的呼吸，避免過快或過淺的呼吸模式。這樣不僅可以提高潛水時的耐力，還能幫助保持冷靜。文章中將介紹如何在潛水過程中進行呼吸訓練，並提高潛水時的表現。',6,205,NULL),(58,'潛水的樂趣與挑戰','2024-10-10 04:00:00','海底世界總是充滿了奇妙的發現。無論是與海龜一同遊弋，還是與五光十色的魚群為伴，這些都是潛水者難以忘懷的經歷。這篇文章將分享一些遇到海龜的經歷，並給出潛水者在這些時刻應該遵循的注意事項。',5,202,NULL),(59,'如何準備潛水考試','2024-11-11 04:00:00','潛水中，了解危險生物對於每位潛水者來說都很重要。雖然海洋中大部分生物對人類無害，但也有一些危險的物種，如毒蛇、毒魚等。學會如何識別這些危險生物，並了解如何處理遇到它們的情況，將有助於保障潛水過程中的安全。',3,203,NULL),(60,'潛水中不可錯過的珊瑚景觀','2024-12-12 04:00:00','深潛和自由潛水的主要區別在於是否使用裝備。深潛通常需要氣瓶、調節器等裝備，這些裝備可以讓潛水者在水下停留更長時間。而自由潛水則依賴潛水者的肺活量和技巧。兩者各有優勢，這篇文章將幫助您了解如何選擇適合自己的潛水方式。',1,200,NULL),(61,'潛水與攝影結合的魅力','2024-01-13 04:00:00','潛水日誌是每位潛水者的寶貴資料，它不僅可以記錄下每次潛水的經歷，還能幫助您回顧潛水過程中的細節，從而改進技巧。文章中將介紹如何撰寫潛水日誌，並分享如何從中汲取經驗教訓。',2,208,NULL),(62,'初次潛水該注意什麼','2024-02-14 04:00:00','潛水裝備的保養能夠延長其使用壽命並確保安全。潛水服應定期清洗，並在每次使用後晾乾。氣瓶和調節器則應進行專業的檢查與維護。這篇文章將為您提供潛水裝備保養的詳細指南，幫助您保持裝備的最佳狀態。',4,202,NULL),(63,'潛水旅行必備清單','2024-03-15 04:00:00','潛水度假村不僅提供潛水服務，還能為潛水者提供全面的支持，如裝備租賃、專業教練和潛水活動安排。這些度假村通常位於潛水熱點地區，能夠提供無與倫比的海底體驗。文章中將介紹一些著名的潛水度假村，並為您提供選擇建議。',4,201,NULL),(64,'深海潛水的準備工作','2024-04-16 04:00:00','潛水與環保密切相關。隨著潛水活動的普及，潛水者需要更加注意對環境的影響。減少對海洋生物的干擾、避免打擾珊瑚礁等，都應該成為潛水者的基本素養。文章將討論潛水過程中的環保注意事項，並提供實用的環保潛水技巧。',3,202,NULL),(65,'潛水如何避免抽筋','2024-05-17 04:00:00','潛水初學者往往會面臨一些挑戰，包括對深水的恐懼、裝備的使用不熟練等。這篇文章將分享一些初學者的心路歷程，並提供應對這些挑戰的建議。通過不斷的練習與指導，您將能夠克服這些障礙，享受潛水的樂趣。',1,204,NULL),(66,'與潛水團隊合作的技巧','2024-06-18 04:00:00','潛水的最佳季節取決於潛水地點的地理位置和當地的氣候條件。在某些熱帶地區，全年都適合潛水，而在其他地方則可能需要根據季節調整。文章中將介紹如何根據當地的氣候選擇潛水的最佳時間，幫助潛水者規劃旅行。',3,205,NULL),(67,'如何選擇潛水教練','2024-11-17 04:00:00','潛水減壓理論是潛水者必須了解的知識。這理論幫助潛水者計算在一定深度下的安全停留時間，從而避免減壓病。這篇文章將詳細介紹減壓理論的基本原則，並幫助潛水者理解如何計算潛水時間和深度。',2,203,NULL),(68,'潛水中的最佳呼吸技巧','2024-11-16 04:07:00','潛水裝備的選擇是每位潛水者入門的第一步。潛水裝備不僅能保證安全，還能提升潛水體驗。正確的氣瓶選擇、合適的潛水服、舒適的蛙鞋和潛水面鏡，這些都是每位潛水者必備的工具。潛水中不容忽視的還有潛水電腦，它可以幫助我們監控潛水深度與減壓時間。隨著對裝備了解的深入，您將發現不同的配件能提升潛水的舒適度與安全性。',1,208,NULL),(69,'潛水經歷分享：遇見海龜','2024-11-12 04:08:00','潛水技巧對於初學者來說至關重要。如何保持耳壓平衡，如何保持穩定的呼吸，以及如何與潛伴協作，這些基本技巧能夠幫助您在水下更加自如。在這篇文章中，我們將深入探討這些技巧，並提供具體的建議。潛水中的每一個動作，都需保持冷靜與專注，這樣才能確保自己的安全。',4,207,NULL),(70,'潛水中的危險生物辨識','2024-11-15 04:04:00','世界上有許多潛水地點非常適合初學者。大堡礁、馬爾地夫、帕勞等地，不僅有豐富的海洋生物，還有美麗的珊瑚礁。這些地方的水質清澈，能見度高，是潛水者夢寐以求的好地方。在選擇潛水地點時，除了考慮水下景觀，還要考慮當地的水流和溫度，這對潛水經驗的好壞影響很大。',2,202,NULL),(71,'深潛與自由潛水的區別','2024-11-23 04:00:00','潛水安全是每位潛水者最重要的課題。潛伴制度、裝備檢查、減壓表等都是保障安全的基礎。文章中會介紹如何確保潛水過程中不會發生減壓病，以及如何避免裝備故障等常見問題。此外，學會如何應對突發情況，並保持冷靜，是每個潛水者應該學會的技能。',5,205,NULL),(72,'潛水日誌該怎麼寫','2024-12-24 04:00:00','耳壓平衡是潛水時最常見的挑戰之一。潛水者需要掌握一些技巧來幫助自己調整耳壓。這篇文章將詳細介紹如何進行耳壓平衡，讓你在潛水過程中更加輕鬆。耳壓平衡技巧對於所有潛水者都至關重要，特別是在深潛時，學會正確的方法將幫助你避免不適和傷害。',1,207,NULL),(73,'潛水裝備如何保養','2024-11-15 04:06:00','潛水與海洋生態保育息息相關。當我們潛入海底世界，看到美麗的珊瑚礁和各種海洋生物時，也需要意識到保護它們的重要性。潛水者可以通過減少對海洋的污染、遵守潛水區域的規定等方式來為保護海洋生態出一份力。這篇文章將介紹如何成為一名負責任的潛水者。',3,205,NULL),(74,'潛水度假村推薦','2024-11-15 05:00:00','選擇合適的潛水教練對於學習潛水至關重要。潛水教練不僅需要有專業的資格，還應該有豐富的實踐經驗。選擇時，您可以根據教練的評價、學員的反饋等信息來做出決定。良好的潛水教練能夠在學習過程中提供充分的支持與指導，幫助學員快速掌握潛水技巧。',1,200,NULL),(75,'潛水與環保的關係','2024-11-15 04:00:00','自由潛水與潛水的區別在於是否使用設備。自由潛水是一種更加自然的潛水方式，潛水者依靠自己的肺活量和技巧在水中停留。而傳統潛水則需要依賴潛水器具，例如氣瓶和調節器。這篇文章將幫助您了解兩者的異同，以及如何選擇最適合自己的潛水方式。',6,201,NULL),(76,'潛水初學者的心路歷程','2024-11-15 04:00:00','潛水中保持正確的呼吸方式是非常重要的。潛水者應保持深而緩慢的呼吸，避免過快或過淺的呼吸模式。這樣不僅可以提高潛水時的耐力，還能幫助保持冷靜。文章中將介紹如何在潛水過程中進行呼吸訓練，並提高潛水時的表現。',6,201,NULL),(77,'潛水最棒的季節','2024-11-14 04:00:00','海底世界總是充滿了奇妙的發現。無論是與海龜一同遊弋，還是與五光十色的魚群為伴，這些都是潛水者難以忘懷的經歷。這篇文章將分享一些遇到海龜的經歷，並給出潛水者在這些時刻應該遵循的注意事項。',1,202,NULL),(78,'潛水中的減壓理論介紹','2024-11-15 04:00:00','潛水中，了解危險生物對於每位潛水者來說都很重要。雖然海洋中大部分生物對人類無害，但也有一些危險的物種，如毒蛇、毒魚等。學會如何識別這些危險生物，並了解如何處理遇到它們的情況，將有助於保障潛水過程中的安全。',2,206,NULL);
/*!40000 ALTER TABLE `blog` ENABLE KEYS */;
UNLOCK TABLES;

--
-- Table structure for table `blog_category`
--

DROP TABLE IF EXISTS `blog_category`;
/*!40101 SET @saved_cs_client     = @@character_set_client */;
/*!50503 SET character_set_client = utf8mb4 */;
CREATE TABLE `blog_category` (
  `id` int(11) NOT NULL AUTO_INCREMENT,
  `name` varchar(50) CHARACTER SET utf8mb4 COLLATE utf8mb4_general_ci NOT NULL,
  PRIMARY KEY (`id`)
) ENGINE=InnoDB AUTO_INCREMENT=8 DEFAULT CHARSET=utf8 COLLATE=utf8_general_ci;
/*!40101 SET character_set_client = @saved_cs_client */;

--
-- Dumping data for table `blog_category`
--

LOCK TABLES `blog_category` WRITE;
/*!40000 ALTER TABLE `blog_category` DISABLE KEYS */;
INSERT INTO `blog_category` VALUES (1,'全部'),(2,'潛水教練'),(3,'氣瓶'),(4,'裝備'),(5,'課程'),(6,'潛點');
/*!40000 ALTER TABLE `blog_category` ENABLE KEYS */;
UNLOCK TABLES;

--
-- Table structure for table `blog_comment`
--

DROP TABLE IF EXISTS `blog_comment`;
/*!40101 SET @saved_cs_client     = @@character_set_client */;
/*!50503 SET character_set_client = utf8mb4 */;
CREATE TABLE `blog_comment` (
  `id` int(11) NOT NULL AUTO_INCREMENT,
  `content` varchar(600) CHARACTER SET utf8mb4 COLLATE utf8mb4_general_ci NOT NULL,
  `created_at` timestamp NULL DEFAULT current_timestamp(),
  `bl_id` int(11) NOT NULL,
  `user_id` int(11) NOT NULL,
  PRIMARY KEY (`id`),
  KEY `bl_id` (`bl_id`),
  KEY `user_id` (`user_id`),
  CONSTRAINT `blog_comment_ibfk_1` FOREIGN KEY (`user_id`) REFERENCES `user` (`user_id`)
) ENGINE=InnoDB AUTO_INCREMENT=95 DEFAULT CHARSET=utf8 COLLATE=utf8_general_ci;
/*!40101 SET character_set_client = @saved_cs_client */;

--
-- Dumping data for table `blog_comment`
--

LOCK TABLES `blog_comment` WRITE;
/*!40000 ALTER TABLE `blog_comment` DISABLE KEYS */;
INSERT INTO `blog_comment` VALUES (1,'大家好，最近有什麼好的潛水景點推薦嗎？','2024-11-03 14:03:06',1,1),(2,'我剛學會了潛水，真是太有趣了！','2024-11-03 14:03:06',1,2),(3,'請問潛水裝備哪裡買比較好？','2024-11-03 14:03:06',1,3),(4,'有沒有推薦的潛水教練？','2024-11-03 14:03:06',1,4),(5,'最近有沒有潛水活動可以參加？','2024-11-03 14:03:06',1,5),(6,'聽說這個季節潛水能看到很多魚！','2024-11-03 14:03:06',1,6),(7,'有人試過夜潛嗎？感覺怎麼樣？','2024-11-03 14:03:06',1,7),(8,'潛水需要注意什麼安全事項？','2024-11-03 14:03:06',1,8),(9,'我想學習潛水，但不知道從哪裡開始。','2024-11-03 14:03:06',1,9),(10,'聽說潛水證書很重要，大家都是去哪裡考的？','2024-11-03 14:03:06',1,10),(11,'潛水教練的選擇真的很重要，有推薦的嗎？','2024-11-03 14:03:06',1,1),(12,'我在某個地方上課，教練非常專業！','2024-11-03 14:03:06',1,2),(13,'請問潛水教練的費用大概是多少？','2024-11-03 14:03:06',1,3),(14,'潛水教練一般要有什麼資格？','2024-11-03 14:03:06',1,4),(15,'我想報名潛水課程，教練會一對一嗎？','2024-11-03 14:03:06',1,5),(16,'對於新手來說，教練的耐心很重要！','2024-11-03 14:03:06',1,6),(17,'大家覺得線上課程和實體課程哪個好？','2024-11-03 14:03:06',1,7),(18,'最近聽說一位新教練評價不錯！','2024-11-03 14:03:06',1,8),(19,'如何選擇適合自己的潛水教練？','2024-11-03 14:03:06',1,9),(20,'我很喜歡我的潛水教練，真的很專業！','2024-11-03 14:03:06',1,10),(21,'請問氣瓶的使用年限是多久？','2024-11-03 14:03:06',1,1),(22,'如何檢查氣瓶的狀態？','2024-11-03 14:03:06',1,2),(23,'大家都是在哪裡租氣瓶的？','2024-11-03 14:03:06',1,3),(24,'氣瓶充氣需要注意什麼？','2024-11-03 14:03:06',1,4),(25,'氣瓶的大小和潛水深度有關嗎？','2024-11-03 14:03:06',1,5),(26,'我有聽過不同材質的氣瓶，有人可以分享嗎？','2024-11-03 14:03:06',1,6),(27,'氣瓶的重量對潛水影響大嗎？','2024-11-03 14:03:06',1,7),(28,'氣瓶的標準使用方法是什麼？','2024-11-03 14:03:06',1,8),(29,'我想買自己的氣瓶，有什麼建議？','2024-11-03 14:03:06',1,9),(30,'氣瓶的維護要定期做嗎？','2024-11-03 14:03:06',1,10),(31,'潛水裝備應該怎麼選擇？','2024-11-03 14:03:06',1,1),(32,'大家覺得哪些品牌的裝備比較好？','2024-11-03 14:03:06',1,2),(33,'我最近買了一套新裝備，使用感覺很好！','2024-11-03 14:03:06',1,3),(34,'潛水裝備清洗有什麼技巧？','2024-11-03 14:03:06',1,4),(35,'可以推薦一些必備的潛水裝備嗎？','2024-11-03 14:03:06',1,5),(36,'裝備過重會影響潛水體驗嗎？','2024-11-03 14:03:06',1,6),(37,'我想升級我的潛水裝備，有推薦嗎？','2024-11-03 14:03:06',1,7),(38,'裝備的保養方法大家都怎麼做？','2024-11-03 14:03:06',1,8),(39,'潛水時有沒有裝備可以提高安全性？','2024-11-03 14:03:06',1,9),(40,'我的裝備不小心受損了，怎麼處理？','2024-11-03 14:03:06',1,10),(41,'潛水課程通常要上多久？','2024-11-03 14:03:06',1,1),(42,'大家報名的潛水課程都去哪裡學習？','2024-11-03 14:03:06',1,2),(43,'對於新手來說，有沒有推薦的課程？','2024-11-03 14:03:06',1,3),(44,'課程的教材一般是什麼？','2024-11-03 14:03:06',1,4),(45,'我報名了潛水課程，真的期待學習！','2024-11-03 14:03:06',1,5),(46,'如何選擇合適的潛水課程？','2024-11-03 14:03:06',1,6),(47,'有沒有經驗的朋友分享一下課程內容？','2024-11-03 14:03:06',1,7),(48,'上課時教練會給什麼樣的指導？','2024-11-03 14:03:06',1,8),(49,'課程結束後會有證書嗎？','2024-11-03 14:03:06',1,9),(50,'我想報名進階課程，有人能幫忙嗎？','2024-11-03 14:03:06',1,10),(51,'有沒有推薦的潛點，大家一起去玩？','2024-11-03 14:03:06',1,1),(52,'最近潛點的水質怎麼樣？','2024-11-03 14:03:06',2,2),(53,'我想去新的潛點探索，有沒有建議？','2024-11-03 14:03:06',1,3),(54,'潛點的安全性如何評估？','2024-11-03 14:03:06',1,4),(55,'哪些潛點適合初學者？','2024-11-03 14:03:06',1,5),(56,'聽說有些潛點的海洋生物很特別！','2024-11-03 14:03:06',1,6),(57,'潛點的季節性變化大家有注意嗎？','2024-11-03 14:03:06',1,7),(58,'潛點的深度對潛水經驗有影響嗎？','2024-11-03 14:03:06',1,8),(59,'我對某個潛點有興趣，能分享一下經驗嗎？','2024-11-03 14:03:06',1,9),(60,'潛點附近的住宿選擇有推薦嗎？','2024-11-03 14:03:06',1,10),(61,'最近天氣很好，適合潛水，大家有去嗎？','2024-11-03 14:03:06',1,1),(62,'有沒有好吃的潛水後餐廳推薦？','2024-11-03 14:03:06',1,2),(63,'潛水過程中的趣事大家可以分享一下嗎？','2024-11-03 14:03:06',1,3),(64,'我最近看了潛水紀錄片，覺得很有趣！','2024-11-03 14:03:06',1,4),(65,'潛水後的放鬆方式，大家都怎麼做？','2024-11-03 14:03:06',1,5),(66,'在潛水過程中遇到的特別生物，有沒有分享的？','2024-11-03 14:03:06',1,6),(67,'最近參加了潛水展，看到很多新裝備！','2024-11-03 14:03:06',1,7),(68,'大家的潛水經歷中有沒有特別的回憶？','2024-11-03 14:03:06',1,8),(69,'如何在潛水後與朋友交流潛水經驗？','2024-11-03 14:03:06',1,9),(70,'潛水是我的興趣，大家有沒有其他興趣？','2024-11-03 14:03:06',1,10),(74,'我也不知道','2024-11-06 15:51:30',2,1),(80,'asdasd','2024-11-06 16:04:12',2,1),(81,'123','2024-11-10 15:32:18',1,1),(82,'123','2024-11-10 15:33:34',1,1),(83,'567','2024-11-12 05:37:49',2,1),(84,'153','2024-11-12 06:00:39',37,1),(85,'123','2024-11-12 10:05:21',2,1),(86,'4123','2024-11-12 10:23:31',2,1),(87,'123','2024-11-12 16:36:11',4,1),(88,'753','2024-11-12 17:04:27',4,1),(89,'123','2024-11-13 08:36:48',41,1),(90,'123','2024-11-13 09:20:36',42,1),(91,'測試試123','2024-11-14 02:12:46',44,1),(92,'456','2024-11-14 04:30:19',45,1),(93,'213','2024-11-15 01:48:10',46,1),(94,'123','2024-11-15 05:52:25',47,1);
/*!40000 ALTER TABLE `blog_comment` ENABLE KEYS */;
UNLOCK TABLES;

--
-- Table structure for table `cart_list`
--

DROP TABLE IF EXISTS `cart_list`;
/*!40101 SET @saved_cs_client     = @@character_set_client */;
/*!50503 SET character_set_client = utf8mb4 */;
CREATE TABLE `cart_list` (
  `cart_id` int(11) NOT NULL AUTO_INCREMENT,
  `user_id` int(11) NOT NULL,
  `product_variant_id` int(11) NOT NULL,
  `quantity` int(11) NOT NULL,
  `created_time` datetime DEFAULT current_timestamp(),
  PRIMARY KEY (`cart_id`),
  KEY `user_id` (`user_id`),
  KEY `product_variant_id` (`product_variant_id`),
  CONSTRAINT `cart_list_ibfk_1` FOREIGN KEY (`user_id`) REFERENCES `user` (`user_id`),
  CONSTRAINT `cart_list_ibfk_2` FOREIGN KEY (`product_variant_id`) REFERENCES `product_variants` (`product_variant_id`)
) ENGINE=InnoDB AUTO_INCREMENT=99 DEFAULT CHARSET=utf8mb4 COLLATE=utf8mb4_general_ci;
/*!40101 SET character_set_client = @saved_cs_client */;

--
-- Dumping data for table `cart_list`
--

LOCK TABLES `cart_list` WRITE;
/*!40000 ALTER TABLE `cart_list` DISABLE KEYS */;
INSERT INTO `cart_list` VALUES (69,208,87,1,'2024-11-15 15:44:37'),(70,208,25,7,'2024-11-15 15:44:37'),(71,208,24,12,'2024-11-15 15:44:37'),(72,208,29,3,'2024-11-15 15:44:37'),(73,208,33,4,'2024-11-15 15:44:37'),(74,208,35,2,'2024-11-15 15:44:37'),(75,208,38,2,'2024-11-15 15:44:37'),(77,208,13,3,'2024-11-15 15:44:37'),(78,208,16,9,'2024-11-15 15:44:37'),(79,208,19,2,'2024-11-15 15:44:37'),(80,208,48,1,'2024-11-15 15:44:37'),(81,208,62,1,'2024-11-15 15:44:37'),(82,208,74,2,'2024-11-15 15:44:37'),(83,208,83,2,'2024-11-15 15:44:37'),(84,208,80,1,'2024-11-15 15:44:38'),(85,208,82,1,'2024-11-15 15:44:38'),(86,208,78,2,'2024-11-15 15:44:38'),(87,208,79,1,'2024-11-15 15:44:38'),(88,208,75,1,'2024-11-15 15:44:38'),(89,208,4,3,'2024-11-15 15:46:29');
/*!40000 ALTER TABLE `cart_list` ENABLE KEYS */;
UNLOCK TABLES;

--
-- Table structure for table `cert`
--

DROP TABLE IF EXISTS `cert`;
/*!40101 SET @saved_cs_client     = @@character_set_client */;
/*!50503 SET character_set_client = utf8mb4 */;
CREATE TABLE `cert` (
  `cert_id` int(11) NOT NULL AUTO_INCREMENT,
  `cert_dept` varchar(30) NOT NULL,
  `cert_name` varchar(30) NOT NULL,
  PRIMARY KEY (`cert_id`)
) ENGINE=InnoDB AUTO_INCREMENT=11 DEFAULT CHARSET=utf8mb4 COLLATE=utf8mb4_unicode_ci;
/*!40101 SET character_set_client = @saved_cs_client */;

--
-- Dumping data for table `cert`
--

LOCK TABLES `cert` WRITE;
/*!40000 ALTER TABLE `cert` DISABLE KEYS */;
INSERT INTO `cert` VALUES (1,'PADI','國際水肺潛水教練'),(2,'SSI','國際水肺潛水教練'),(3,'NAUI','國際水肺潛水教練'),(4,'CMAS','國際水肺潛水教練'),(5,'TDI','減壓程序技術潛水'),(6,'EFR','緊急第一反應急救教練訓練官'),(7,'紅十字會','救生員'),(8,'EMT','緊急急救員'),(9,'CMAS','游泳教練'),(10,'AIDA','自由潛水員');
/*!40000 ALTER TABLE `cert` ENABLE KEYS */;
UNLOCK TABLES;

--
-- Table structure for table `cert_dept`
--

DROP TABLE IF EXISTS `cert_dept`;
/*!40101 SET @saved_cs_client     = @@character_set_client */;
/*!50503 SET character_set_client = utf8mb4 */;
CREATE TABLE `cert_dept` (
  `cert_dept_id` int(11) NOT NULL AUTO_INCREMENT,
  `cert_dept` varchar(10) DEFAULT NULL,
  `cert_dept_code` varchar(1) NOT NULL,
  PRIMARY KEY (`cert_dept_id`)
) ENGINE=InnoDB AUTO_INCREMENT=6 DEFAULT CHARSET=utf8mb4 COLLATE=utf8mb4_unicode_ci;
/*!40101 SET character_set_client = @saved_cs_client */;

--
-- Dumping data for table `cert_dept`
--

LOCK TABLES `cert_dept` WRITE;
/*!40000 ALTER TABLE `cert_dept` DISABLE KEYS */;
INSERT INTO `cert_dept` VALUES (1,'CMAS','C'),(2,'NAUI','N'),(3,'PADI','P'),(4,'SSI','S'),(5,'','X');
/*!40000 ALTER TABLE `cert_dept` ENABLE KEYS */;
UNLOCK TABLES;

--
-- Table structure for table `cert_ref`
--

DROP TABLE IF EXISTS `cert_ref`;
/*!40101 SET @saved_cs_client     = @@character_set_client */;
/*!50503 SET character_set_client = utf8mb4 */;
CREATE TABLE `cert_ref` (
  `cert_ref_id` int(11) NOT NULL AUTO_INCREMENT,
  `coach_id` int(11) NOT NULL,
  `cert_id` int(11) NOT NULL,
  PRIMARY KEY (`cert_ref_id`),
  KEY `cert_id` (`cert_id`),
  KEY `coach_id` (`coach_id`),
  CONSTRAINT `cert_ref_ibfk_1` FOREIGN KEY (`cert_id`) REFERENCES `cert` (`cert_id`),
  CONSTRAINT `cert_ref_ibfk_2` FOREIGN KEY (`coach_id`) REFERENCES `coach` (`coach_id`)
) ENGINE=InnoDB AUTO_INCREMENT=92 DEFAULT CHARSET=utf8mb4 COLLATE=utf8mb4_general_ci;
/*!40101 SET character_set_client = @saved_cs_client */;

--
-- Dumping data for table `cert_ref`
--

LOCK TABLES `cert_ref` WRITE;
/*!40000 ALTER TABLE `cert_ref` DISABLE KEYS */;
INSERT INTO `cert_ref` VALUES (1,1,1),(2,1,5),(3,1,6),(4,1,7),(5,1,8),(6,1,9),(7,1,10),(8,2,1),(9,2,5),(10,2,6),(11,2,7),(12,2,8),(13,2,9),(14,2,10),(15,3,1),(16,3,5),(17,3,6),(18,3,7),(19,3,8),(20,3,9),(21,3,10),(22,3,1),(23,3,5),(24,3,6),(25,3,7),(26,3,8),(27,3,9),(28,3,10),(29,4,2),(30,4,5),(31,4,6),(32,4,7),(33,4,8),(34,4,9),(35,4,10),(36,5,2),(37,5,5),(38,5,6),(39,5,7),(40,5,8),(41,5,9),(42,5,10),(43,6,2),(44,6,5),(45,6,6),(46,6,7),(47,6,8),(48,6,9),(49,6,10),(50,7,3),(51,7,5),(52,7,6),(53,7,7),(54,7,8),(55,7,9),(56,7,10),(57,8,3),(58,8,5),(59,8,6),(60,8,7),(61,8,8),(62,8,9),(63,8,10),(64,9,3),(65,9,5),(66,9,6),(67,9,7),(68,9,8),(69,9,9),(70,9,10),(71,10,4),(72,10,5),(73,10,6),(74,10,7),(75,10,8),(76,10,9),(77,10,10),(78,11,4),(79,11,5),(80,11,6),(81,11,7),(82,11,8),(83,11,9),(84,11,10),(85,12,4),(86,12,5),(87,12,6),(88,12,7),(89,12,8),(90,12,9),(91,12,10);
/*!40000 ALTER TABLE `cert_ref` ENABLE KEYS */;
UNLOCK TABLES;

--
-- Table structure for table `cert_type`
--

DROP TABLE IF EXISTS `cert_type`;
/*!40101 SET @saved_cs_client     = @@character_set_client */;
/*!50503 SET character_set_client = utf8mb4 */;
CREATE TABLE `cert_type` (
  `cert_type_id` int(11) NOT NULL AUTO_INCREMENT,
  `cert_type` varchar(100) NOT NULL,
  `cert_dept_id` int(11) NOT NULL,
  `cert_type_name` varchar(20) NOT NULL,
  PRIMARY KEY (`cert_type_id`),
  KEY `cert_dept_id` (`cert_dept_id`),
  CONSTRAINT `cert_type_ibfk_1` FOREIGN KEY (`cert_dept_id`) REFERENCES `cert_dept` (`cert_dept_id`)
) ENGINE=InnoDB AUTO_INCREMENT=56 DEFAULT CHARSET=utf8mb4 COLLATE=utf8mb4_unicode_ci;
/*!40101 SET character_set_client = @saved_cs_client */;

--
-- Dumping data for table `cert_type`
--

LOCK TABLES `cert_type` WRITE;
/*!40000 ALTER TABLE `cert_type` DISABLE KEYS */;
INSERT INTO `cert_type` VALUES (1,'One Star Diver',1,'一星級潛水員'),(2,'Underwater Navigation',1,'水下導航'),(3,'First Aid & C.P.R.',1,'急救和心肺復甦'),(4,'Nitrox Diver',1,'高氧潛水員'),(5,'Rescue Diver',1,'救援潛水員'),(6,'Sidemount Diver',1,'側掛潛水員'),(7,'Two Stars Diver',1,'二星級潛水員'),(8,'Three Stars Diver',1,'三星級潛水員'),(9,'Divemaster',1,'潛水長'),(10,'One star instructor',1,'一星導師'),(11,'two stars instructor',1,'二星導師'),(12,'three stars instructor',1,'三星導師'),(13,'Scuba Diver',2,'水肺潛水員'),(14,'Enriched Air Nitrox (EANx) Diver',2,'高氧空氣 (EANx) 潛水員'),(15,'Advanced Scuba Diver',2,'高級水肺潛水員'),(16,'Rescue Scuba Diver',2,'救援水肺潛水員'),(17,'Master Scuba Diver',2,'水肺潛水大師'),(18,'First Aid Provider',2,'急救人員'),(19,'Training Assistant',2,'培訓助理'),(20,'Assistant Instructor',2,'助理教練'),(21,'Divemaster',2,'潛水長'),(22,'Instructor',2,'講師'),(23,'Instructor Trainer',2,'教練培訓師'),(24,'Course Director',2,'課程主任'),(25,'Open Water Diver',3,'開放水域潛水員'),(26,'Advanced Open Water Diver',3,'進階開放水域潛水員'),(27,'Rescue Diver',3,'救援潛水員'),(28,'Enriched Air Diver',3,'高氧潛水員'),(29,'Divemaster',3,'潛水長'),(30,'Sidemount Rec Diver',3,'側掛潛水員'),(31,'Master Instructor',3,'教練長'),(32,'Public Safety Diver',3,'公共安全潛水員'),(33,'Specialty Instructor',3,'專長教練'),(34,'Course Director',3,'課程主任'),(35,'Master Scuba Diver',3,'名仕潛水員'),(36,'Scuba Diver',3,'潛水員'),(37,'Open Water Scuba Instructor',3,'開放水域潛水教練'),(38,'Assistant Instructor',3,'助理教練'),(39,'Divemaster',3,'潛水長'),(40,'Master Scuba Diver Trainer',3,'名仕潛水員訓練官'),(41,'IDC Staff Instructor',3,'IDC參謀教練'),(42,'Emergency First Response',3,'EFR緊急第一反應員'),(43,'Emergency First Response Instructor',3,'EFR緊急第一反應教練'),(44,'Open Water Diver',4,'開放水域潛水員'),(45,'Advanced Adventurer',4,'進階探索潛水員'),(46,'Dive Guide',4,'潛水導遊'),(47,'Assistant Instructor',4,'助理教練'),(48,'Open Water Instructor',4,'開放水域教練'),(49,'Specialty Instructor',4,'專長教練'),(50,'Assistant Instructor Trainer',4,'助理教練培訓官'),(51,'Instructor Trainer',4,'教練訓練官'),(52,'React Right Specialty Diver',4,'正確反應員'),(53,'Nitrox Diver',4,'高氧潛水員'),(54,'Lifeguard',4,'救生員'),(55,'Stress & Rescue',4,'壓力和救援');
/*!40000 ALTER TABLE `cert_type` ENABLE KEYS */;
UNLOCK TABLES;

--
-- Table structure for table `coach`
--

DROP TABLE IF EXISTS `coach`;
/*!40101 SET @saved_cs_client     = @@character_set_client */;
/*!50503 SET character_set_client = utf8mb4 */;
CREATE TABLE `coach` (
  `coach_id` int(11) NOT NULL AUTO_INCREMENT,
  `user_id` int(11) NOT NULL,
  `coach_verify` tinyint(1) NOT NULL DEFAULT 1,
  `coach_name` varchar(20) NOT NULL,
  `coach_phone` varchar(10) NOT NULL,
  `coach_sex` varchar(2) NOT NULL,
  `coach_img` varchar(30) NOT NULL,
  `coach_intro` varchar(500) NOT NULL,
  `coach_rate` float NOT NULL,
  `coach_exp` int(11) NOT NULL,
  `is_valid` tinyint(1) NOT NULL DEFAULT 1,
  PRIMARY KEY (`coach_id`)
) ENGINE=InnoDB AUTO_INCREMENT=13 DEFAULT CHARSET=utf8mb4 COLLATE=utf8mb4_unicode_ci;
/*!40101 SET character_set_client = @saved_cs_client */;

--
-- Dumping data for table `coach`
--

LOCK TABLES `coach` WRITE;
/*!40000 ALTER TABLE `coach` DISABLE KEYS */;
INSERT INTO `coach` VALUES (1,27,1,'小吳','0912345678','男性','coach_001','擁有超過10年的水肺潛水經驗，對於海洋生態和水中保育有著深厚的熱情。熱愛指導學生並分享潛水知識，能讓學員在安全的環境中學習潛水技巧。相信每個人都能透過潛水，親身感受到海洋的美麗與和平。',4.7,359,1),(2,2,1,'小魚','0952345678','女性','coach_002','深信每個人都能找到屬於自己的潛水節奏。擅長教授自由潛水和水肺潛水，擁有豐富的水下攝影經驗，喜歡為學生記錄他們的首次潛水時刻。課程中重視學生的安全，並鼓勵他們探索大自然的美妙。',4.3,283,1),(3,29,1,'阿豪','0982345678','男性','coach_003','自幼愛好水上運動，對潛水有著濃厚的興趣。喜歡挑戰自我，並樂於帶領學生從基礎逐步進階。透過耐心和幽默感，讓初學者克服對深海的恐懼，體驗無重力的奇妙世界。',4.6,294,1),(4,4,1,'阿妮','0932345678','女性','coach_004','熱愛探索深海的女性教練，以親切和耐心著稱。專注於讓學員在輕鬆的氛圍中學習並建立自信。她特別注重潛水安全，並樂於將潛水技術和安全觀念傳遞給學生。喜歡分享她的海洋冒險故事。',4.4,326,1),(5,31,1,'浪花','0962345678','男性','coach_005','樂觀開朗的潛水教練，專長於培訓年輕學員。注重在輕鬆愉快的環境中帶領學生學習基礎知識，並鼓勵他們探索海洋的未知。相信透過潛水可以幫助人們減壓，找到心靈的平靜。',4.3,123,1),(6,33,1,'俊彥','0972345678','男性','coach_006','以保護海洋生態為使命，教學風格嚴謹但不失幽默感。多年的教學經驗讓他擁有豐富的水中應變知識，確保學生在安全的前提下學習並享受潛水。樂於分享海洋知識，帶領學生認識多樣的水下生態。',4.8,402,1),(7,35,1,'小虎','0918345678','男性','coach_007','擁有豐富的水下探險經驗，教學風格嚴謹、專業。喜歡挑戰高難度的潛水環境，並善於指導學生應對潛水過程中的各種挑戰。對於潛水裝備及技術有深入了解，常分享專業知識以確保學員的安全。',4.5,329,1),(8,37,1,'海龜','0931345678','男性','coach_008','擁有豐富的水中經驗，對於教導初學者有獨特的方法，特別是年輕學員。以細心和耐心見長，幫助學生克服對水的恐懼，從容享受潛水過程。深信每個人都可以成為海洋的一部分，感受水下的寧靜。',4.4,255,1),(9,6,1,'姍姍','0939345678','女性','coach_009','以保護海洋生態為使命，特別是珊瑚保育。擅長讓學生在學習潛水的同時了解生態的重要性。她細心且富有耐心，尤其擅長指導初學者進入潛水的世界，讓他們了解水下的奇幻景觀。',4.5,247,1),(10,39,1,'狂人','0951345678','男性','coach_010','熱愛大海和自由，特別專長於自由潛水。喜歡帶領學生在無拘無束的環境中體驗潛水的樂趣。重視潛水安全，並鼓勵學員尋找自己的潛水風格。相信潛水是一種心靈解放的活動。',4.6,311,1),(11,41,1,'東毅','0919345678','男性','coach_011','熱衷於研究海洋哺乳類動物，尤其是鯨魚。課程中不僅教導潛水技巧，還會分享許多關於鯨魚和海洋保育的知識。注重潛水安全，並鼓勵學生在尊重海洋生態的前提下享受潛水的樂趣。',4.5,166,1),(12,43,1,'阿霖','0921345678','男性','coach_012','來自深海的探險者，對於深海的各種奇觀有深入了解。教學風格沉穩，讓學生在舒適的環境中學習潛水技術。對水下拍攝和觀察生物行為特別擅長，常與學員分享奇妙的海洋故事。',4.7,372,1);
/*!40000 ALTER TABLE `coach` ENABLE KEYS */;
UNLOCK TABLES;

--
-- Table structure for table `coach_rate`
--

DROP TABLE IF EXISTS `coach_rate`;
/*!40101 SET @saved_cs_client     = @@character_set_client */;
/*!50503 SET character_set_client = utf8mb4 */;
CREATE TABLE `coach_rate` (
  `rate_id` int(11) NOT NULL AUTO_INCREMENT,
  `coach_id` int(11) NOT NULL,
  `user_id` int(11) NOT NULL,
  `round_id` int(11) NOT NULL,
  `coach_rate` int(1) NOT NULL,
  `coach_review` varchar(200) NOT NULL,
  PRIMARY KEY (`rate_id`)
) ENGINE=InnoDB DEFAULT CHARSET=utf8mb4 COLLATE=utf8mb4_general_ci;
/*!40101 SET character_set_client = @saved_cs_client */;

--
-- Dumping data for table `coach_rate`
--

LOCK TABLES `coach_rate` WRITE;
/*!40000 ALTER TABLE `coach_rate` DISABLE KEYS */;
/*!40000 ALTER TABLE `coach_rate` ENABLE KEYS */;
UNLOCK TABLES;

--
-- Table structure for table `favorites`
--

DROP TABLE IF EXISTS `favorites`;
/*!40101 SET @saved_cs_client     = @@character_set_client */;
/*!50503 SET character_set_client = utf8mb4 */;
CREATE TABLE `favorites` (
  `favorites_id` int(11) NOT NULL AUTO_INCREMENT,
  `user_id` int(11) NOT NULL,
  `bl_id` int(11) NOT NULL,
  PRIMARY KEY (`favorites_id`),
  KEY `bl_id` (`bl_id`)
) ENGINE=InnoDB AUTO_INCREMENT=17 DEFAULT CHARSET=utf8mb4 COLLATE=utf8mb4_general_ci;
/*!40101 SET character_set_client = @saved_cs_client */;

--
-- Dumping data for table `favorites`
--

LOCK TABLES `favorites` WRITE;
/*!40000 ALTER TABLE `favorites` DISABLE KEYS */;
INSERT INTO `favorites` VALUES (1,1,1),(2,1,2),(3,1,3),(4,2,1),(5,2,4),(6,3,2),(7,3,5),(8,4,3),(9,4,6),(10,5,1),(11,5,7),(12,6,8),(13,7,2),(14,8,5),(15,9,6),(16,10,3);
/*!40000 ALTER TABLE `favorites` ENABLE KEYS */;
UNLOCK TABLES;

--
-- Table structure for table `images`
--

DROP TABLE IF EXISTS `images`;
/*!40101 SET @saved_cs_client     = @@character_set_client */;
/*!50503 SET character_set_client = utf8mb4 */;
CREATE TABLE `images` (
  `images_id` int(11) NOT NULL AUTO_INCREMENT,
  `bl_id` int(11) NOT NULL,
  `default_id` tinyint(1) DEFAULT 0,
  `path_id` varchar(255) NOT NULL,
  PRIMARY KEY (`images_id`),
  KEY `bl_id` (`bl_id`)
) ENGINE=InnoDB AUTO_INCREMENT=12 DEFAULT CHARSET=utf8mb4 COLLATE=utf8mb4_general_ci;
/*!40101 SET character_set_client = @saved_cs_client */;

--
-- Dumping data for table `images`
--

LOCK TABLES `images` WRITE;
/*!40000 ALTER TABLE `images` DISABLE KEYS */;
INSERT INTO `images` VALUES (1,1,1,'images/default_diving.jpg'),(2,1,0,'images/diving_photo_1.jpg'),(3,2,0,'images/diving_photo_2.jpg'),(4,3,0,'images/diving_photo_3.jpg'),(5,4,0,'images/diving_photo_4.jpg'),(6,5,0,'images/diving_photo_5.jpg'),(7,1,0,'images/diving_photo_6.jpg'),(8,2,0,'images/diving_photo_7.jpg'),(9,3,0,'images/diving_photo_8.jpg'),(10,4,0,'images/diving_photo_9.jpg'),(11,5,0,'images/diving_photo_10.jpg');
/*!40000 ALTER TABLE `images` ENABLE KEYS */;
UNLOCK TABLES;

--
-- Table structure for table `lesson`
--

DROP TABLE IF EXISTS `lesson`;
/*!40101 SET @saved_cs_client     = @@character_set_client */;
/*!50503 SET character_set_client = utf8mb4 */;
CREATE TABLE `lesson` (
  `lesson_id` int(11) NOT NULL AUTO_INCREMENT,
  `lesson_type_id` int(11) NOT NULL,
  `cert_dept_id` int(11) DEFAULT NULL,
  `lesson_name` varchar(30) NOT NULL,
  `lesson_name_zh` varchar(20) DEFAULT NULL,
  `lesson_intro` varchar(300) NOT NULL,
  `lesson_group` varchar(300) NOT NULL,
  `lesson_content` varchar(300) NOT NULL,
  `lesson_process` varchar(300) NOT NULL,
  `lesson_contain` varchar(300) NOT NULL,
  `lesson_notice` varchar(300) NOT NULL,
  `is_valid` tinyint(1) NOT NULL DEFAULT 1,
  `lesson_img_a` varchar(10) NOT NULL,
  `lesson_img_b` varchar(10) NOT NULL,
  `lesson_img_c` varchar(10) NOT NULL,
  `lesson_img_d` varchar(10) NOT NULL,
  `lesson_img_e` varchar(10) NOT NULL,
  PRIMARY KEY (`lesson_id`),
  KEY `lesson_ibfk_1` (`lesson_type_id`),
  KEY `lesson_ibfk_2` (`cert_dept_id`),
  CONSTRAINT `lesson_ibfk_1` FOREIGN KEY (`lesson_type_id`) REFERENCES `lesson_type` (`lesson_type_id`),
  CONSTRAINT `lesson_ibfk_2` FOREIGN KEY (`cert_dept_id`) REFERENCES `cert_dept` (`cert_dept_id`)
) ENGINE=InnoDB AUTO_INCREMENT=56 DEFAULT CHARSET=utf8mb4 COLLATE=utf8mb4_unicode_ci;
/*!40101 SET character_set_client = @saved_cs_client */;

--
-- Dumping data for table `lesson`
--

LOCK TABLES `lesson` WRITE;
/*!40000 ALTER TABLE `lesson` DISABLE KEYS */;
INSERT INTO `lesson` VALUES (1,1,3,'Discover Scuba Diving','潛水體驗課程(無需證照)','這是一個半天到一天的入門體驗課程，旨在讓初學者體驗水肺潛水的樂趣。課程包含簡單的理論介紹，如潛水基本知識、安全規則和裝備使用。接下來在淺水區或泳池進行基本技巧訓練，然後在教練的帶領下進行一次開放水域潛水，深度一般不超過12米。這個課程不頒發正式證照，但可以作為未來參加正式課程的預備。','1.想嘗試潛水但沒有潛水經驗的初學者\n2.喜愛海洋、想探索水下世界的自然愛好者\n3.12歲以上、身體健康、適合水上活動者\n4.渴望挑戰自我、享受寧靜與冒險的旅客\n5.不會游泳但想體驗潛水樂趣的人','1.潛水裝備講解與穿戴教學\r\n2.潛水基本技巧與安全操作訓練\r\n3.專業教練陪同水下導覽\r\n4.欣賞海底生態景觀，與魚群共游\r\n5.水面及水下合影留念（可選擇購買照片）','每次活動約2.5至3小時，包含裝備穿戴與潛水體驗。\r\n1.集合與報到\r\n2.裝備講解與穿戴指導（約30分鐘）\r\n3.潛水基礎操作訓練（約20分鐘）\r\n4.水下潛水體驗（約40至60分鐘）\r\n5.活動結束，換裝與分享潛水經驗\r\n','．含潛水裝備租借費用\r\n．教練費用與安全講解\r\n．水下導覽與生態介紹\r\n．備用水上支援與安全保險\r\n．附贈輕便點心與飲料','1.活動前請保持充足睡眠，不可空腹或過飽參加活動。\r\n2.請勿於潛水前24小時內飲酒，活動前需填寫健康聲明。\r\n3.參加者需身體健康，若有心臟病、氣喘、孕婦或耳壓問題者請勿參加。\r\n4.活動當日若遇天氣不佳或海象不穩，主辦方有權視情況調整或取消活動。\r\n5.潛水後請等待至少12小時才可搭乘飛機。\r\n',1,'0001','0002','0003','0004','0005'),(2,1,4,'Try Scuba Diving','潛水體驗課程(無需證照)','SSI 體驗水肺潛水課程是首次嘗試水肺潛水的最佳方式。您將在平靜的水域中並受到教練的精心照顧，因此您可以享受水下第一次難忘的呼吸，並體驗水肺潛水的魔力。在這個短期課程結束時，您將獲得 SSI Try Scuba 認證卡，並且毫無疑問會想再次潛水。無盡的水肺潛水冒險正在等待著您，而本課程就是一切的開始。從今天開始！','1.想嘗試潛水但沒有潛水經驗的初學者\r\n2.喜愛海洋、想探索水下世界的自然愛好者\r\n3.12歲以上、身體健康、適合水上活動者\r\n4.渴望挑戰自我、享受寧靜與冒險的旅客\r\n5.不會游泳但想體驗潛水樂趣的人\r\n','1.潛水裝備講解與穿戴教學\r\n2.潛水基本技巧與安全操作訓練\r\n3.專業教練陪同水下導覽\r\n4.欣賞海底生態景觀，與魚群共游\r\n5.水面及水下合影留念（可選擇購買照片）\r\n','每次活動約2.5至3小時，包含裝備穿戴與潛水體驗。\r\n1.集合與報到\r\n2.裝備講解與穿戴指導（約30分鐘）\r\n3.潛水基礎操作訓練（約20分鐘）\r\n4.水下潛水體驗（約40至60分鐘）\r\n5.活動結束，換裝與分享潛水經驗\r\n','．含潛水裝備租借費用\r\n．教練費用與安全講解\r\n．水下導覽與生態介紹\r\n．備用水上支援與安全保險\r\n．附贈輕便點心與飲料','1.活動前請保持充足睡眠，不可空腹或過飽參加活動。\r\n2.請勿於潛水前24小時內飲酒，活動前需填寫健康聲明。\r\n3.參加者需身體健康，若有心臟病、氣喘、孕婦或耳壓問題者請勿參加。\r\n4.活動當日若遇天氣不佳或海象不穩，主辦方有權視情況調整或取消活動。\r\n5.潛水後請等待至少12小時才可搭乘飛機。\r\n',1,'0006','0007','0008','0009','0010'),(3,1,2,'Scuba Discovery','潛水體驗課程(無需證照)','NAUI的體驗潛水課程，讓參加者在專業教練的指導下進行基本潛水訓練和一次開放水域潛水。課程包括潛水理論簡介、裝備介紹和基本潛水技能的練習。這是一個快速入門課程，旨在讓參加者體驗水肺潛水的樂趣。','1.想嘗試潛水但沒有潛水經驗的初學者\r\n2.喜愛海洋、想探索水下世界的自然愛好者\r\n3.12歲以上、身體健康、適合水上活動者\r\n4.渴望挑戰自我、享受寧靜與冒險的旅客\r\n5.不會游泳但想體驗潛水樂趣的人','1.潛水裝備講解與穿戴教學\r\n2.潛水基本技巧與安全操作訓練\r\n3.專業教練陪同水下導覽\r\n4.欣賞海底生態景觀，與魚群共游\r\n5.水面及水下合影留念（可選擇購買照片）','每次活動約2.5至3小時，包含裝備穿戴與潛水體驗。\r\n1.集合與報到\r\n2.裝備講解與穿戴指導（約30分鐘）\r\n3.潛水基礎操作訓練（約20分鐘）\r\n4.水下潛水體驗（約40至60分鐘）\r\n5.活動結束，換裝與分享潛水經驗','．含潛水裝備租借費用\r\n．教練費用與安全講解\r\n．水下導覽與生態介紹\r\n．備用水上支援與安全保險\r\n．附贈輕便點心與飲料','1.活動前請保持充足睡眠，不可空腹或過飽參加活動。\r\n2.請勿於潛水前24小時內飲酒，活動前需填寫健康聲明。\r\n3.參加者需身體健康，若有心臟病、氣喘、孕婦或耳壓問題者請勿參加。\r\n4.活動當日若遇天氣不佳或海象不穩，主辦方有權視情況調整或取消活動。\r\n5.潛水後請等待至少12小時才可搭乘飛機。',1,'0011','0012','0013','0014','0015'),(4,3,1,'One Star Diver','一星潛水員課程','此課程為潛水新手提供基礎知識和技能。學員將學習水肺潛水的基本理論、潛水裝備的使用、基本潛水技巧和安全措施。課程包括淺水區潛水、基本的水下技能訓練以及如何應對常見的潛水問題。','1.想要獲得國際潛水認證的初學者\r\n2.對潛水有興趣、希望學習水下技能的自然愛好者\r\n3.年滿10歲以上，身體健康並具備基本水性者','此課程涵蓋理論與實務，幫助學員掌握基本潛水知識與技能，最終能夠安全自信地進行開放水域潛水。\r\n．學科課程：學習潛水理論、安全規範、裝備使用等基礎知識，並於最後一天進行筆試。\r\n．術科課程：\r\n　平靜水域訓練：第一天安排，在泳池或平靜水域中練習基本潛水技巧，熟悉裝備使用、浮力控制及應對緊急情況的能力。\r\n　開放水域訓練：開放水域潛水分為兩次，每次進行兩支氣瓶潛水訓練，模擬真實環境下的潛水操作，提升實戰技巧。\r\n完成課程後，學員將獲得國際認證的One Star Diver一星潛水員證照，開啟全球潛水之旅。','課程共三天，時間安排靈活，學員可與教練商討調整，實際安排依當天狀況決定：\r\n．第一天：平靜水域訓練（約6-7小時）\r\n　上午：潛水裝備介紹與穿戴練習（約1小時）\r\n　下午：平靜水域訓練，學習浮力控制、緊急處理等基本操作（約5-6小時）\r\n．第二天：開放水域訓練（第1次，2支氣瓶）（約6-7小時）\r\n　上午：準備裝備並由教練帶領進入開放水域（約1小時）\r\n　下午：進行第一次兩支氣瓶的開放水域訓練，實踐浮力控制與水下導航（約5-6小時）\r\n．第三天：開放水域訓練（第2次，2支氣瓶）與筆試（約6-7小時）\r\n　上午：第二次開放水域訓練，進行兩支氣瓶潛水，完成剩餘實戰訓練（約5-6小時）\r\n　下午：筆','．含潛水教學費、學科教材與筆試費用\r\n．潛水裝備租借費用（氣瓶、調節器、潛水服等）\r\n．平靜水域與開放水域的訓練費用\r\n．國際潛水認證費用與潛水員證書','1.年滿10歲，身體健康者可參加課程，需填寫健康聲明表。\r\n2.潛水前24小時內禁止飲酒，並保持充足睡眠。\r\n3.課程結束後12小時內請勿搭乘飛機，以免潛水減壓症風險。\r\n4.課程進行中如遇惡劣天氣，教練可視情況調整訓練行程。\r\n',1,'0021','0022','0023','0024','0025'),(5,3,2,'Scuba Diver','潛水員課程','這是為初學者設計的基礎課程，涵蓋基本的潛水知識、潛水裝備使用、基礎水肺潛水技巧和安全措施。學員將學習如何進行淺水潛水，掌握必要的潛水技能以確保在水下的安全。','1.想要獲得國際潛水認證的初學者\r\n2.對潛水有興趣、希望學習水下技能的自然愛好者\r\n3.年滿10歲以上，身體健康並具備基本水性者','此課程涵蓋理論與實務，幫助學員掌握基本潛水知識與技能，最終能夠安全自信地進行開放水域潛水。\r\n．學科課程：學習潛水理論、安全規範、裝備使用等基礎知識，並於最後一天進行筆試。\r\n．術科課程：\r\n　平靜水域訓練：第一天安排，在泳池或平靜水域中練習基本潛水技巧，熟悉裝備使用、浮力控制及應對緊急情況的能力。\r\n　開放水域訓練：開放水域潛水分為兩次，每次進行兩支氣瓶潛水訓練，模擬真實環境下的潛水操作，提升實戰技巧。\r\n完成課程後，學員將獲得國際認證的Scuba Diver潛水員證照，開啟全球潛水之旅。','課程共三天，時間安排靈活，學員可與教練商討調整，實際安排依當天狀況決定：\r\n．第一天：平靜水域訓練（約6-7小時）\r\n　上午：潛水裝備介紹與穿戴練習（約1小時）\r\n　下午：平靜水域訓練，學習浮力控制、緊急處理等基本操作（約5-6小時）\r\n．第二天：開放水域訓練（第1次，2支氣瓶）（約6-7小時）\r\n　上午：準備裝備並由教練帶領進入開放水域（約1小時）\r\n　下午：進行第一次兩支氣瓶的開放水域訓練，實踐浮力控制與水下導航（約5-6小時）\r\n．第三天：開放水域訓練（第2次，2支氣瓶）與筆試（約6-7小時）\r\n　上午：第二次開放水域訓練，進行兩支氣瓶潛水，完成剩餘實戰訓練（約5-6小時）\r\n　下午：筆','．含潛水教學費、學科教材與筆試費用\r\n．潛水裝備租借費用（氣瓶、調節器、潛水服等）\r\n．平靜水域與開放水域的訓練費用\r\n．國際潛水認證費用與潛水員證書','1.年滿10歲，身體健康者可參加課程，需填寫健康聲明表。\r\n2.潛水前24小時內禁止飲酒，並保持充足睡眠。\r\n3.課程結束後12小時內請勿搭乘飛機，以免潛水減壓症風險。\r\n4.課程進行中如遇惡劣天氣，教練可視情況調整訓練行程。',1,'0026','0027','0028','0029','0030'),(6,3,2,'Open Water Scuba Diver','開放水域潛水員課程','此課程是NAUI的入門潛水證書，包含全面的基礎潛水知識和技能。學員將學習水肺裝備的使用、基本的潛水技術、如何進行潛水計劃和風險評估。課程包括理論學習和實際水下訓練。','1.想要獲得國際潛水認證的初學者\r\n2.對潛水有興趣、希望學習水下技能的自然愛好者\r\n3.年滿10歲以上，身體健康並具備基本水性者','此課程涵蓋理論與實務，幫助學員掌握基本潛水知識與技能，最終能夠安全自信地進行開放水域潛水。\r\n．學科課程：學習潛水理論、安全規範、裝備使用等基礎知識，並於最後一天進行筆試。\r\n．術科課程：\r\n　平靜水域訓練：第一天安排，在泳池或平靜水域中練習基本潛水技巧，熟悉裝備使用、浮力控制及應對緊急情況的能力。\r\n　開放水域訓練：開放水域潛水分為兩次，每次進行兩支氣瓶潛水訓練，模擬真實環境下的潛水操作，提升實戰技巧。\r\n完成課程後，學員將獲得國際認證的Open Water Scuba Diver開放水域潛水員證照，開啟全球潛水之旅。','課程共三天，時間安排靈活，學員可與教練商討調整，實際安排依當天狀況決定：\r\n．第一天：平靜水域訓練（約6-7小時）\r\n　上午：潛水裝備介紹與穿戴練習（約1小時）\r\n　下午：平靜水域訓練，學習浮力控制、緊急處理等基本操作（約5-6小時）\r\n．第二天：開放水域訓練（第1次，2支氣瓶）（約6-7小時）\r\n　上午：準備裝備並由教練帶領進入開放水域（約1小時）\r\n　下午：進行第一次兩支氣瓶的開放水域訓練，實踐浮力控制與水下導航（約5-6小時）\r\n．第三天：開放水域訓練（第2次，2支氣瓶）與筆試（約6-7小時）\r\n　上午：第二次開放水域訓練，進行兩支氣瓶潛水，完成剩餘實戰訓練（約5-6小時）\r\n　下午：筆','．含潛水教學費、學科教材與筆試費用\r\n．潛水裝備租借費用（氣瓶、調節器、潛水服等）\r\n．平靜水域與開放水域的訓練費用\r\n．國際潛水認證費用與潛水員證書','1.年滿10歲，身體健康者可參加課程，需填寫健康聲明表。\r\n2.潛水前24小時內禁止飲酒，並保持充足睡眠。\r\n3.課程結束後12小時內請勿搭乘飛機，以免潛水減壓症風險。\r\n4.課程進行中如遇惡劣天氣，教練可視情況調整訓練行程。',1,'0031','0032','0033','0034','0035'),(7,3,3,'Open Water Diver','開放水域潛水員課程','PADI的入門課程，教授學員基本的潛水技能和知識。課程包括水肺潛水的理論、潛水裝備的使用、基本水下技能和潛水安全。學員需要完成書面測試、淺水訓練和至少四次開放水域潛水。\r\n','1.想要獲得國際潛水認證的初學者\r\n2.對潛水有興趣、希望學習水下技能的自然愛好者\r\n3.年滿10歲以上，身體健康並具備基本水性者','此課程涵蓋理論與實務，幫助學員掌握基本潛水知識與技能，最終能夠安全自信地進行開放水域潛水。\r\n．學科課程：學習潛水理論、安全規範、裝備使用等基礎知識，並於最後一天進行筆試。\r\n．術科課程：\r\n　平靜水域訓練：第一天安排，在泳池或平靜水域中練習基本潛水技巧，熟悉裝備使用、浮力控制及應對緊急情況的能力。\r\n　開放水域訓練：開放水域潛水分為兩次，每次進行兩支氣瓶潛水訓練，模擬真實環境下的潛水操作，提升實戰技巧。\r\n完成課程後，學員將獲得國際認證的Open Water Diver開放水域潛水員證照，開啟全球潛水之旅。','課程共三天，時間安排靈活，學員可與教練商討調整，實際安排依當天狀況決定：\r\n．第一天：平靜水域訓練（約6-7小時）\r\n　上午：潛水裝備介紹與穿戴練習（約1小時）\r\n　下午：平靜水域訓練，學習浮力控制、緊急處理等基本操作（約5-6小時）\r\n．第二天：開放水域訓練（第1次，2支氣瓶）（約6-7小時）\r\n　上午：準備裝備並由教練帶領進入開放水域（約1小時）\r\n　下午：進行第一次兩支氣瓶的開放水域訓練，實踐浮力控制與水下導航（約5-6小時）\r\n．第三天：開放水域訓練（第2次，2支氣瓶）與筆試（約6-7小時）\r\n　上午：第二次開放水域訓練，進行兩支氣瓶潛水，完成剩餘實戰訓練（約5-6小時）\r\n　下午：筆','．含潛水教學費、學科教材與筆試費用\r\n．潛水裝備租借費用（氣瓶、調節器、潛水服等）\r\n．平靜水域與開放水域的訓練費用\r\n．國際潛水認證費用與潛水員證書','1.年滿10歲，身體健康者可參加課程，需填寫健康聲明表。\r\n2.潛水前24小時內禁止飲酒，並保持充足睡眠。\r\n3.課程結束後12小時內請勿搭乘飛機，以免潛水減壓症風險。\r\n4.課程進行中如遇惡劣天氣，教練可視情況調整訓練行程。',1,'0036','0037','0038','0039','0040'),(8,3,4,'Open Water Diver','開放水域潛水員課程','此課程為潛水新手提供基礎知識和技能，包括潛水理論、裝備使用、基本水下技能和安全措施。學員將學習如何計劃和執行淺水潛水，課程包括理論學習、泳池訓練和開放水域潛水。','1.想要獲得國際潛水認證的初學者\r\n2.對潛水有興趣、希望學習水下技能的自然愛好者\r\n3.年滿10歲以上，身體健康並具備基本水性者','此課程涵蓋理論與實務，幫助學員掌握基本潛水知識與技能，最終能夠安全自信地進行開放水域潛水。\r\n．學科課程：學習潛水理論、安全規範、裝備使用等基礎知識，並於最後一天進行筆試。\r\n．術科課程：\r\n　平靜水域訓練：第一天安排，在泳池或平靜水域中練習基本潛水技巧，熟悉裝備使用、浮力控制及應對緊急情況的能力。\r\n　開放水域訓練：開放水域潛水分為兩次，每次進行兩支氣瓶潛水訓練，模擬真實環境下的潛水操作，提升實戰技巧。\r\n完成課程後，學員將獲得國際認證的Open water Diver開放水域潛水員證照，開啟全球潛水之旅。','課程共三天，時間安排靈活，學員可與教練商討調整，實際安排依當天狀況決定：\r\n．第一天：平靜水域訓練（約6-7小時）\r\n　上午：潛水裝備介紹與穿戴練習（約1小時）\r\n　下午：平靜水域訓練，學習浮力控制、緊急處理等基本操作（約5-6小時）\r\n．第二天：開放水域訓練（第1次，2支氣瓶）（約6-7小時）\r\n　上午：準備裝備並由教練帶領進入開放水域（約1小時）\r\n　下午：進行第一次兩支氣瓶的開放水域訓練，實踐浮力控制與水下導航（約5-6小時）\r\n．第三天：開放水域訓練（第2次，2支氣瓶）與筆試（約6-7小時）\r\n　上午：第二次開放水域訓練，進行兩支氣瓶潛水，完成剩餘實戰訓練（約5-6小時）\r\n　下午：筆','．含潛水教學費、學科教材與筆試費用\r\n．潛水裝備租借費用（氣瓶、調節器、潛水服等）\r\n．平靜水域與開放水域的訓練費用\r\n．國際潛水認證費用與潛水員證書','1.年滿10歲，身體健康者可參加課程，需填寫健康聲明表。\r\n2.潛水前24小時內禁止飲酒，並保持充足睡眠。\r\n3.課程結束後12小時內請勿搭乘飛機，以免潛水減壓症風險。\r\n4.課程進行中如遇惡劣天氣，教練可視情況調整訓練行程。',1,'0041','0042','0043','0044','0045'),(9,3,4,'Basic Diver','基礎潛水員課程','SSI的入門課程，專為初學者設計，涵蓋基本的潛水理論和技巧。學員將學習基本的潛水技能、裝備使用和水下安全，課程包括理論課和淺水區訓練。','1.想要獲得國際潛水認證的初學者\r\n2.對潛水有興趣、希望學習水下技能的自然愛好者\r\n3.年滿10歲以上，身體健康並具備基本水性者','此課程涵蓋理論與實務，幫助學員掌握基本潛水知識與技能，最終能夠安全自信地進行開放水域潛水。\r\n．學科課程：學習潛水理論、安全規範、裝備使用等基礎知識，並於最後一天進行筆試。\r\n．術科課程：\r\n　平靜水域訓練：第一天安排，在泳池或平靜水域中練習基本潛水技巧，熟悉裝備使用、浮力控制及應對緊急情況的能力。\r\n　開放水域訓練：開放水域潛水分為兩次，每次進行兩支氣瓶潛水訓練，模擬真實環境下的潛水操作，提升實戰技巧。\r\n完成課程後，學員將獲得國際認證的Basic Diver基礎潛水員證照，開啟全球潛水之旅。','課程共三天，時間安排靈活，學員可與教練商討調整，實際安排依當天狀況決定：\r\n．第一天：平靜水域訓練（約6-7小時）\r\n　上午：潛水裝備介紹與穿戴練習（約1小時）\r\n　下午：平靜水域訓練，學習浮力控制、緊急處理等基本操作（約5-6小時）\r\n．第二天：開放水域訓練（第1次，2支氣瓶）（約6-7小時）\r\n　上午：準備裝備並由教練帶領進入開放水域（約1小時）\r\n　下午：進行第一次兩支氣瓶的開放水域訓練，實踐浮力控制與水下導航（約5-6小時）\r\n．第三天：開放水域訓練（第2次，2支氣瓶）與筆試（約6-7小時）\r\n　上午：第二次開放水域訓練，進行兩支氣瓶潛水，完成剩餘實戰訓練（約5-6小時）\r\n　下午：筆','．含潛水教學費、學科教材與筆試費用\r\n．潛水裝備租借費用（氣瓶、調節器、潛水服等）\r\n．平靜水域與開放水域的訓練費用\r\n．國際潛水認證費用與潛水員證書','1.年滿10歲，身體健康者可參加課程，需填寫健康聲明表。\r\n2.潛水前24小時內禁止飲酒，並保持充足睡眠。\r\n3.課程結束後12小時內請勿搭乘飛機，以免潛水減壓症風險。\r\n4.課程進行中如遇惡劣天氣，教練可視情況調整訓練行程。',1,'0046','0047','0048','0049','0050'),(10,4,1,'Two Star Diver','二星潛水員課程','這是進階課程，專為已有一星潛水員證照的學員設計。課程涵蓋進階潛水技巧，如夜潛、深潛、水下導航和救援技能。學員將進一步學習潛水理論，並通過多次開放水域潛水來鞏固和提升自己的潛水技能。完成此課程後，學員可以進行更深、更具挑戰性的潛水活動。','1.已取得One Star Diver證照，想提升潛水技巧並探索更深水域的潛水員\r\n2.希望增強水下導航、深潛和其他專業潛水技能的進階潛水者\r\n3.渴望參與潛水旅行，並挑戰更多潛水環境的潛水愛好者','課程旨在進一步提升潛水技巧，讓學員能夠自信地應對各種潛水環境。課程包括理論學習與開放水域的實際操作。\r\n．學科課程：學習進階潛水理論，包括深潛、導航、夜潛等專項技術。\r\n．術科課程：學員將在開放水域完成5次進階潛水，包括必修的深潛和水下導航，以及3次選修潛水，如沉船潛水、夜潛、漂流潛水等。','課程共兩天，安排如下：\r\n．第一天：理論課程與進階潛水訓練\r\n　上午：學習進階潛水理論，涵蓋深潛及水下導航（約2小時）\r\n　下午：進行兩次開放水域潛水訓練，完成深潛與水下導航技能（約4-5小時）\r\n．第二天：進階潛水訓練與選修項目\r\n　上午：學習選修項目理論，根據選擇的專項技巧進行準備（約1小時）\r\n　下午：進行3次開放水域選修潛水訓練（約5-6小時）','．含潛水教學費、教材與學科課程\r\n．潛水裝備租借費用（氣瓶、潛水服、調節器等）\r\n．開放水域潛水訓練費用\r\n．國際潛水認證費用與Two Star Diver潛水證書','1.參加者需持有One Star Diver一星潛水員證照，並具有一定的潛水經驗。\r\n2.潛水前24小時內禁止飲酒，保持充足休息。\r\n3.課程結束後18小時內避免搭乘飛機，減少潛水減壓症風險。\r\n4.課程進行中如遇惡劣天氣，教練將視情況調整行程。',1,'0051','0052','0053','0054','0055'),(11,4,1,'Rescue Diver','救援潛水員課程','課程專注於潛水緊急情況的預防和管理。學員將學習如何辨識並處理潛水問題，包括自救和救援技術。課程包含理論學習、有限水域訓練和多次開放水域潛水，涵蓋救援計劃、失蹤潛水員搜索和水面及水下救援技巧。','','','','','',1,'0','0','0','0','0'),(12,4,1,'Emergency First Response','緊急第一反應課程','課程教授緊急醫療反應技能，包括心肺復甦術（CPR）、急救和次要護理。課程強調實用性，通過實際操作練習提高學員的應對能力，適用於潛水及其他日常生活中的緊急情況。\r\n','','','','','',1,'0','0','0','0','0'),(13,4,1,'Nitrox Diver','高氧潛水課程','課程介紹高氧空氣（Nitrox）的基本理論和實踐。學員將學習高氧潛水的優勢與風險，如何使用高氧混合氣和進行氧分濃度測試。課程包含理論學習和至少一次高氧潛水。','','','','','',1,'0','0','0','0','0'),(14,4,1,'Sidemount Diver','側掛潛水課程','課程教授側掛配置的潛水技術，強調裝備配置、潛水技巧和安全操作。學員將學習如何正確配置和使用側掛系統，並進行多次側掛潛水練習。','','','','','',1,'0','0','0','0','0'),(15,4,2,'Advanced Scuba Diver','高級潛水員課程','這是進階課程，針對已有基礎潛水經驗的學員。課程涵蓋進階潛水技術和經驗，包括深潛、夜潛、導航潛水和特殊環境潛水。學員將在教練的指導下進行多次開放水域潛水，提升自己的潛水技能和自信心。完成此課程後，學員可以進行更具挑戰性的潛水活動。','1.已取得Open Water Scuba Diver證照，想提升潛水技巧並探索更深水域的潛水員\r\n2.希望增強水下導航、深潛和其他專業潛水技能的進階潛水者\r\n3.渴望參與潛水旅行，並挑戰更多潛水環境的潛水愛好者','課程旨在進一步提升潛水技巧，讓學員能夠自信地應對各種潛水環境。課程包括理論學習與開放水域的實際操作。\r\n．學科課程：學習進階潛水理論，包括深潛、導航、夜潛等專項技術。\r\n．術科課程：學員將在開放水域完成5次進階潛水，包括必修的深潛和水下導航，以及3次選修潛水，如沉船潛水、夜潛、漂流潛水等。','課程共兩天，安排如下：\r\n．第一天：理論課程與進階潛水訓練\r\n　上午：學習進階潛水理論，涵蓋深潛及水下導航（約2小時）\r\n　下午：進行兩次開放水域潛水訓練，完成深潛與水下導航技能（約4-5小時）\r\n．第二天：進階潛水訓練與選修項目\r\n　上午：學習選修項目理論，根據選擇的專項技巧進行準備（約1小時）\r\n　下午：進行3次開放水域選修潛水訓練（約5-6小時）','．含潛水教學費、教材與學科課程\r\n．潛水裝備租借費用（氣瓶、潛水服、調節器等）\r\n．開放水域潛水訓練費用\r\n．國際潛水認證費用與Advanced Scuba Diver潛水證書','1.參加者需持有Open Water Scuba Diver開放水域潛水員證照，並具有一定的潛水經驗。\r\n2.潛水前24小時內禁止飲酒，保持充足休息。\r\n3.課程結束後18小時內避免搭乘飛機，減少潛水減壓症風險。\r\n4.課程進行中如遇惡劣天氣，教練將視情況調整行程。',1,'0056','0057','0058','0059','0060'),(16,4,2,'Rescue Diver','救援潛水員課程','課程教授潛水緊急情況的管理和救援技術。學員將學習如何預防潛水事故、自救和救援他人。課程包括理論學習、有限水域訓練和多次開放水域潛水，涵蓋失蹤潛水員搜索、水面救援和緊急上升技術。','','','','','',1,'0','0','0','0','0'),(17,4,2,'First Aid/CPR','緊急第一反應課程','課程教授基本的急救和心肺復甦術（CPR）技能。學員將學習如何應對突發的醫療緊急情況，包括心臟驟停、窒息和其他常見的急症處理方法。','','','','','',1,'0','0','0','0','0'),(18,4,2,'Enriched Air Nitrox Diver','高氧潛水課程','課程教授使用高氧氣體進行潛水的基本理論和實踐。學員將學習高氧潛水的好處和風險，如何配置和使用高氧混合氣。課程包含理論學習和至少一次高氧潛水。','','','','','',1,'0','0','0','0','0'),(19,4,2,'Sidemount Diver','側掛潛水課程','課程教授側掛潛水配置和技術。學員將學習如何正確配置和使用側掛系統，並進行多次側掛潛水練習，提高靈活性和氣體管理能力。','','','','','',1,'0','0','0','0','0'),(20,4,3,'Advanced Open Water Diver','高級開放水域潛水員課程','這是進階課程，旨在提升學員的潛水技能和知識。課程要求完成5次冒險潛水，包括必修的深潛和水下導航，及選修的夜潛、沉船潛水、漂流潛水等。每次潛水前會有相應的理論簡介和技能練習。完成此課程後，學員將獲得PADI高級開放水域潛水員證書，可以自由潛水至30米深度。','1.已取得Open Water Diver證照，想提升潛水技巧並探索更深水域的潛水員\r\n2.希望增強水下導航、深潛和其他專業潛水技能的進階潛水者\r\n3.渴望參與潛水旅行，並挑戰更多潛水環境的潛水愛好者','課程旨在進一步提升潛水技巧，讓學員能夠自信地應對各種潛水環境。課程包括理論學習與開放水域的實際操作。\r\n．學科課程：學習進階潛水理論，包括深潛、導航、夜潛等專項技術。\r\n．術科課程：學員將在開放水域完成5次進階潛水，包括必修的深潛和水下導航，以及3次選修潛水，如沉船潛水、夜潛、漂流潛水等。','課程共兩天，安排如下：\r\n．第一天：理論課程與進階潛水訓練\r\n　上午：學習進階潛水理論，涵蓋深潛及水下導航（約2小時）\r\n　下午：進行兩次開放水域潛水訓練，完成深潛與水下導航技能（約4-5小時）\r\n．第二天：進階潛水訓練與選修項目\r\n　上午：學習選修項目理論，根據選擇的專項技巧進行準備（約1小時）\r\n　下午：進行3次開放水域選修潛水訓練（約5-6小時）','．含潛水教學費、教材與學科課程\r\n．潛水裝備租借費用（氣瓶、潛水服、調節器等）\r\n．開放水域潛水訓練費用\r\n．國際潛水認證費用與Advanced Open Water Diver潛水證書','1.參加者需持有Open water Diver開放水域潛水員證照，並具有一定的潛水經驗。\r\n2.潛水前24小時內禁止飲酒，保持充足休息。\r\n3.課程結束後18小時內避免搭乘飛機，減少潛水減壓症風險。\r\n4.課程進行中如遇惡劣天氣，教練將視情況調整行程。',1,'0061','0062','0063','0064','0065'),(21,4,3,'Rescue Diver','救援潛水員課程','課程旨在提高學員的潛水安全意識和救援技巧。學員將學習如何預防和處理潛水緊急情況，包括自救、救援潛伴和管理潛水事故。課程包括理論學習、有限水域訓練和多次開放水域潛水。','','','','','',1,'0','0','0','0','0'),(22,4,3,'Emergency First Response','緊急第一反應課程','課程教授急救和心肺復甦術（CPR）技能，並包含自動體外心臟去顫器（AED）使用。課程強調實用操作，讓學員能在緊急情況下提供有效的初步醫療援助。','','','','','',1,'0','0','0','0','0'),(23,4,3,'Enriched Air Diver','高氧潛水課程','課程專注於使用高氧空氣（Nitrox）進行潛水的理論和實踐。學員將學習高氧混合氣的配置和測試、高氧潛水的優勢和風險管理。課程包含理論學習和至少一次高氧潛水。','','','','','',1,'0','0','0','0','0'),(24,4,3,'Sidemount Diver','側掛潛水課程','課程教授側掛潛水的配置和技術。學員將學習如何配置和使用側掛系統，並進行多次側掛潛水，提高氣體管理和靈活性。課程包括理論學習和實際潛水訓練。','','','','','',1,'0','0','0','0','0'),(25,4,4,'Advanced Open Water Diver','高級潛水員課程','這是進階課程，提升學員的潛水技能和經驗。課程要求完成5次專項潛水，如深潛、夜潛、水下導航等。每次潛水前會有相應的理論簡介和技能練習。完成此課程後，學員將獲得SSI高級開放水域潛水員證書，可以自由潛水至30米深度。','1.已取得Open water Diver證照，想提升潛水技巧並探索更深水域的潛水員\r\n2.希望增強水下導航、深潛和其他專業潛水技能的進階潛水者\r\n3.渴望參與潛水旅行，並挑戰更多潛水環境的潛水愛好者','課程旨在進一步提升潛水技巧，讓學員能夠自信地應對各種潛水環境。課程包括理論學習與開放水域的實際操作。\r\n．學科課程：學習進階潛水理論，包括深潛、導航、夜潛等專項技術。\r\n．術科課程：學員將在開放水域完成5次進階潛水，包括必修的深潛和水下導航，以及3次選修潛水，如沉船潛水、夜潛、漂流潛水等。','課程共兩天，安排如下：\r\n．第一天：理論課程與進階潛水訓練\r\n　上午：學習進階潛水理論，涵蓋深潛及水下導航（約2小時）\r\n　下午：進行兩次開放水域潛水訓練，完成深潛與水下導航技能（約4-5小時）\r\n．第二天：進階潛水訓練與選修項目\r\n　上午：學習選修項目理論，根據選擇的專項技巧進行準備（約1小時）\r\n　下午：進行3次開放水域選修潛水訓練（約5-6小時）','．含潛水教學費、教材與學科課程\r\n．潛水裝備租借費用（氣瓶、潛水服、調節器等）\r\n．開放水域潛水訓練費用\r\n．國際潛水認證費用與Advanced Open Water Diver潛水證書','1.參加者需持有Open water Diver開放水域潛水員證照，並具有一定的潛水經驗。\r\n2.潛水前24小時內禁止飲酒，保持充足休息。\r\n3.課程結束後18小時內避免搭乘飛機，減少潛水減壓症風險。\r\n4.課程進行中如遇惡劣天氣，教練將視情況調整行程。',1,'0066','0067','0068','0069','0070'),(26,4,4,'Diver Stress & Rescue','救援潛水員課程','課程專注於潛水緊急情況的預防和管理。學員將學習如何辨識和處理潛水壓力、自救和救援他人。課程包括理論學習、有限水域訓練和多次開放水域潛水。','','','','','',1,'0','0','0','0','0'),(27,4,4,'React Right','緊急第一反應課程','課程教授緊急醫療反應技能，包括心肺復甦術（CPR）、急救和次要護理。學員將學習如何應對潛水和日常生活中的緊急情況，課程包含實際操作練習。','','','','','',1,'0','0','0','0','0'),(28,4,4,'Enriched Air Nitrox','高氧潛水課程','課程介紹高氧空氣（Nitrox）的基本理論和實踐。學員將學習高氧潛水的優勢與風險，如何使用高氧混合氣和進行氧分濃度測試。課程包含理論學習和至少一次高氧潛水。','','','','','',1,'0','0','0','0','0'),(29,4,4,'Sidemount Diver','側掛潛水課程','課程教授側掛潛水配置和技術。學員將學習如何正確配置和使用側掛系統，並進行多次側掛潛水練習，提高靈活性和氣體管理能力。','','','','','',1,'0','0','0','0','0'),(30,5,1,'Dive Leader','潛水領隊課程','此課程訓練潛水領隊技能，包括潛水計劃、風險管理、潛水活動的組織和指導。學員將學習如何安全有效地領導潛水團隊，應對潛水中的問題和急救情況。包括水下導航、潛水裝備維護以及如何處理潛水事故。','','','','','',1,'0','0','0','0','0'),(31,5,1,'Instructor','潛水教練課程','成為潛水教練的課程，涵蓋教學方法、課程設計和學員評估。學員將學習如何教授基本和進階潛水技能，如何管理潛水班級，並進行潛水考試和評估。課程還包括如何處理學員的各種需求和問題。','','','','','',1,'0','0','0','0','0'),(32,5,1,'Advanced Instructor','高級潛水教練課程','此課程進一步提升教學技巧，能夠授課更高級別的CMAS課程，如專業拓展課程和技術潛水。學員將學習進階的教學策略、課程管理和高級潛水技能。','','','','','',1,'0','0','0','0','0'),(33,5,1,'Technical Instructor','技術潛水教練課程','專注於混合氣體潛水、深度潛水等技術潛水。課程包括技術潛水裝備的使用、氣體混合和計劃、深潛風險管理以及緊急應對措施。學員將學習如何教授和管理高難度的潛水活動。','','','','','',1,'0','0','0','0','0'),(34,5,1,'Rescue Instructor','救援潛水教練課程','訓練如何教授救援潛水課程，涵蓋潛水事故的預防和應對技巧。學員將學習如何進行水下急救、如何處理潛水事故、實施有效的救援和撤離程序。','','','','','',1,'0','0','0','0','0'),(35,5,2,'Dive Master','潛水領隊課程','訓練潛水領隊，協助教練進行潛水活動，負責潛水計劃、風險評估和學員管理。學員將學習如何領導潛水行程、協助潛水培訓並處理潛水中的各種問題。還包括急救和應急管理技巧。','','','','','',1,'0','0','0','0','0'),(36,5,2,'Instructor','潛水教練課程','成為NAUI潛水教練的課程，包括如何教授潛水技巧、設計課程和進行評估。課程涵蓋教學方法、學員管理、潛水計劃和潛水安全。學員還需學習如何設計和實施訓練計劃，並處理學員在潛水過程中的需求和問題。','1.已持有NAUI潛水領隊Dive Master證照，並希望進一步提升至潛水教練資格的潛水員\r\n2.希望在潛水行業內發展職業生涯，並擔任潛水教練或潛水中心管理職位的人士\r\n3.具備足夠潛水經驗並有熱情投入潛水教學工作的人','課程旨在培養專業潛水教練，讓學員能夠有效地教授NAUI的各級潛水課程。\r\n．教學理論：學習如何有效地教授潛水課程，掌握教學技巧、學員管理及課程設計。\r\n．實務技能：包括模擬教學、潛水演示、組織課程及處理突發情況的能力。\r\n．考核：完成筆試、教學演示及實際潛水技能考核，通過後將獲得NAUI教練證照。','課程通常為2至4週，具體安排如下：\r\n．第一週：理論學習與教學方法\r\n　上午：潛水教學理論，學習教學技巧與課程規劃（約3-4小時）\r\n　下午：進行模擬教學及教學演示，實際操作練習（約4-5小時）\r\n．第二週：實務操作與考核準備\r\n　上午：實際潛水操作，學習如何組織和管理潛水課程（約3-4小時）\r\n　下午：進行模擬考試、教學演示及潛水技能考核，準備最終考核（約4-5小時）','．包含教學費用、教材與學習資料\r\n．模擬考試及實際潛水訓練費用\r\n．NAUI教練認證費用及證書申請費\r\n．潛水裝備租借費用（若需要）','1.參加者需擁有NAUI潛水領隊Dive Master證照或等同資格，並具備相應的潛水經驗。\r\n2.課程前需進行體檢，確保身體健康適合教學工作。\r\n3.課程進行中如遇惡劣天氣或其他特殊情況，教練將根據實際情況調整行程。\r\n4.完成課程後，需參加NAUI的持續教育計畫，以保持教練資格。\r\n5.課程後，將獲得NAUI的國際認證教練證照，可在全球範圍內教授NAUI的潛水課程。',1,'0085','0086','0087','0088','0089'),(37,5,2,'Advanced Instructor','高級潛水教練課程','高級教學資格，進一步提升教學技巧和管理能力，能夠授課更高級別的NAUI課程。課程涵蓋進階教學方法、高級潛水技能、課程設計和管理策略。','','','','','',1,'0','0','0','0','0'),(38,5,2,'Technical Instructor','技術潛水教練課程','高級教學資格，進一步提升教學技巧和管理能力，能夠授課更高級別的NAUI課程。課程涵蓋進階教學方法、高級潛水技能、課程設計和管理策略。','','','','','',1,'0','0','0','0','0'),(39,5,2,'Rescue Instructor','救援潛水教練課程','教授NAUI救援潛水課程的能力，包括潛水事故的預防和應對。學員將學習如何進行潛水急救、處理事故和進行有效的救援。','','','','','',1,'0','0','0','0','0'),(40,5,3,'Divemaster','潛水領隊課程','此課程訓練潛水領隊，協助教練進行潛水活動，並領導潛水團隊。涵蓋潛水計劃、風險管理、潛水裝備的維護、學員的安全和急救技巧。學員還將學習如何協助潛水培訓並處理潛水中的各種問題。','','','','','',1,'0','0','0','0','0'),(41,5,3,'Open Water Scuba Instruct','潛水教練課程','成為PADI潛水教練的課程，涵蓋教學技巧、課程設計和學員管理。學員將學習如何教授PADI潛水課程，包括基本和進階潛水技能，如何設計課程、管理學員和進行潛水評估。課程還包括如何處理學員需求和潛水中的問題。','1.擁有PADI高級開放水域潛水員Advanced Open Water Diver及潛水導師Divemaster證照，且希望成為專業潛水教練的潛水員\r\n2.渴望在潛水行業內發展職業生涯，並擔任潛水教練或潛水中心管理職位的人士\r\n3.具有充足潛水經驗和教學熱情，並願意投入專業潛水教學工作的潛水愛好者','課程旨在培養潛水教練，課程包括理論教學、教學技巧及實際潛水操作。\r\n．理論課程：學習潛水教學方法、課程設計、學員管理及潛水安全等。\r\n．實務課程：包括模擬教學、演示潛水技巧、組織與管理潛水課程。\r\n．考核：通過筆試、教學演示及實際潛水表現考核，取得PADI教練證照。','課程通常為2至4週，具體安排如下：\r\n．第一週：理論學習與教學方法\r\n　上午：潛水理論教學，涵蓋教學技巧與課程規劃（約3小時）\r\n　下午：模擬教學及案例分析，進行實際教學演示（約4-5小時）\r\n．第二週：實務訓練與考核\r\n　上午：實際潛水操作，學習組織與管理潛水課程（約3小時）\r\n　下午：進行模擬教學考核、筆試及實際潛水表現評估（約4-5小時）','．包含教學費用、教材、模擬考試及實際潛水訓練\r\n．潛水裝備租借費用（氣瓶、潛水服、調節器等）\r\n．PADI教練認證費用及證書申請費','1.參加者需擁有PADI高級開放水域潛水員Advanced Open Water Diver及潛水導師Divemaster證照，並具備一定潛水經驗。\r\n2.課程前需進行體檢，確保身體健康適合教學工作。\r\n3.課程進行中如遇惡劣天氣，教練將根據情況調整訓練計畫。\r\n4.課程結束後，需遵守PADI的教練資格要求及持續教育計畫。\r\n5.完成課程後，將獲得PADI教練證照，能夠在全球範圍內教授PADI潛水課程。',1,'0071','0072','0073','0074','0075'),(42,5,3,'Master Instructor','高級潛水教練課程','高級教學資格，能夠提供更高層次的教學和管理能力。學員將學習進階教學方法、課程設計和管理策略，以提供高層次的教學服務。','','','','','',1,'0','0','0','0','0'),(43,5,3,'Technical Diving Instruct','技術潛水教練課程','專注於技術潛水，包括混合氣體潛水和深潛。學員將學習如何教授技術潛水課程，包括裝備使用、氣體混合、深潛風險管理和緊急處理。','','','','','',1,'0','0','0','0','0'),(44,5,3,'Rescue Instructor','救援潛水教練課程','教授PADI救援潛水課程的能力，涵蓋潛水事故和緊急情況的處理。學員將學習如何進行水下急救、處理潛水事故和實施有效的救援。','','','','','',1,'0','0','0','0','0'),(45,5,4,'Dive Guide','潛水領隊課程','訓練潛水領隊，負責帶領和指導潛水團隊，管理潛水行程。學員將學習潛水計劃、風險管理、如何安全地領導潛水團隊和處理潛水中的問題，並掌握潛水活動的組織和指導技巧。','','','','','',1,'0','0','0','0','0'),(46,5,4,'Instructor','潛水教練課程','成為SSI潛水教練的課程，涵蓋教學技巧、課程設計和學員管理。學員將學習如何教授SSI潛水課程，包括基本和進階技能，如何設計和實施課程，管理學員需求，並進行潛水評估。','1.已持有SSI潛水導師Divemaster證照，並希望進一步提升至潛水教練資格的潛水員\r\n2.希望在潛水行業內發展職業生涯，並擔任潛水教練或潛水中心管理職位的人士\r\n3.具備足夠潛水經驗並有熱情投入潛水教學工作的人','課程旨在培養專業潛水教練，讓學員能夠有效地教授SSI的各級潛水課程。\r\n．教學理論：學習如何有效地教授潛水課程，掌握教學技巧、學員管理及課程設計。\r\n．實務技能：包括模擬教學、潛水演示、組織課程及處理突發情況的能力。\r\n．考核：完成筆試、教學演示及實際潛水技能考核，通過後將獲得SSI教練證照。','課程通常為2至4週，具體安排如下：\r\n．第一週：理論學習與教學方法\r\n　上午：潛水教學理論，學習教學技巧與課程規劃（約3-4小時）\r\n　下午：進行模擬教學及教學演示，實際操作練習（約4-5小時）\r\n．第二週：實務操作與考核準備\r\n　上午：實際潛水操作，學習如何組織和管理潛水課程（約3-4小時）\r\n　下午：進行模擬考試、教學演示及潛水技能考核，準備最終考核（約4-5小時）','．包含教學費用、教材與學習資料\r\n．模擬考試及實際潛水訓練費用\r\n．SSI教練認證費用及證書申請費\r\n．潛水裝備租借費用（若需要）','1.參加者需擁有SSI潛水導師Divemaster證照或等同資格，並具備相應的潛水經驗。\r\n2.課程前需進行體檢，確保身體健康適合教學工作。\r\n3.課程進行中如遇惡劣天氣或其他特殊情況，教練將根據實際情況調整行程。\r\n4.完成課程後，需參加SSI的持續教育計畫，以保持教練資格。\r\n5.課程後，將獲得SSI的國際認證教練證照，可在全球範圍內教授SSI的潛水課程。',1,'0076','0077','0078','0079','0080'),(47,5,4,'Instructor Trainer','高級潛水教練課程','成為SSI潛水教練的課程，涵蓋教學技巧、課程設計和學員管理。學員將學習如何教授SSI潛水課程，包括基本和進階技能，如何設計和實施課程，管理學員需求，並進行潛水評估。','','','','','',1,'0','0','0','0','0'),(48,5,4,'Technical Diving Instructo','技術潛水教練課程','成為SSI潛水教練的課程，涵蓋教學技巧、課程設計和學員管理。學員將學習如何教授SSI潛水課程，包括基本和進階技能，如何設計和實施課程，管理學員需求，並進行潛水評估。','','','','','',1,'0','0','0','0','0'),(49,5,4,'Rescue Instructor','救援潛水教練課程','教授SSI救援潛水課程的能力，包含潛水事故的預防、應對和急救技巧。學員將學習如何進行潛水急救、處理事故和實施有效的救援措施。','','','','','',1,'0','0','0','0','0'),(50,5,1,'Three Star Diver','三星潛水員課程','這是高級課程，針對有經驗的二星潛水員。課程強調高級潛水技術、潛水計劃、團隊協作和潛水領導能力。學員將學習如何帶領潛水活動，進行複雜的潛水計劃和應對緊急情況。完成此課程後，學員將具備帶領潛水隊伍和進行教學的能力。','1.擁有CMAS二星潛水員Two Star Diver證照，且希望成為專業潛水教練的潛水員\r\n2.渴望在潛水行業內發展職業生涯，並擔任潛水教練或潛水中心管理職位的人士\r\n3.具有充足潛水經驗和教學熱情，並願意投入專業潛水教學工作的潛水愛好者','課程旨在培養潛水教練，課程包括理論教學、教學技巧及實際潛水操作。\r\n．理論課程：學習潛水教學方法、課程設計、學員管理及潛水安全等。\r\n．實務課程：包括模擬教學、演示潛水技巧、組織與管理潛水課程。\r\n．考核：通過筆試、教學演示及實際潛水表現考核，取得CMAS三星潛水員Three Star Diver教練證照。','課程通常為2至4週，具體安排如下：\r\n．第一週：理論學習與教學方法\r\n　上午：潛水理論教學，涵蓋教學技巧與課程規劃（約3小時）\r\n　下午：模擬教學及案例分析，進行實際教學演示（約4-5小時）\r\n．第二週：實務訓練與考核\r\n　上午：實際潛水操作，學習組織與管理潛水課程（約3小時）\r\n　下午：進行模擬教學考核、筆試及實際潛水表現評估（約4-5小時）','．包含教學費用、教材、模擬考試及實際潛水訓練\r\n．潛水裝備租借費用（氣瓶、潛水服、調節器等）\r\n．CMAS教練認證費用及證書申請費','1.參加者需擁有CMAS二星潛水員Two Star Diver證照，並具備一定潛水經驗。\r\n2.課程前需進行體檢，確保身體健康適合教學工作。\r\n3.課程進行中如遇惡劣天氣，教練將根據情況調整訓練計畫。\r\n4.課程結束後，需遵守CMAS的教練資格要求及持續教育計畫。\r\n5.完成課程後，將獲得CMAS教練證照，能夠在全球範圍內教授CMAS潛水課程。\r\n',1,'0081','0082','0083','0084','0085'),(51,2,5,'旅遊潛水','(需證照)','為休閒和探索海洋世界而設計的潛水活動。結合了旅行、探險和學習，讓潛水愛好者可以在各地的美麗潛點進行潛水，體驗不同的海洋生態系統和水下景觀。','本活動專為持有潛水證照的旅客設計，適合擁有 Open Water 或以上級別證照的潛水愛好者參加。建議參加者擁有至少數次開放水域潛水經驗，並具備一定的自我裝備操作及水下應變能力。對於希望探索更多海底景觀、增進潛水技術，或追求冒險感受的旅客來說，這是一次絕佳的旅遊潛水體驗。','活動將深入當地熱門潛點，帶領潛水員探索各種獨特的水下地形，如珊瑚礁、海底洞穴或沉船。教練會根據水流和能見度安排潛點，目標是讓潛水員深入探索並近距離觀察多樣的海洋生態，如熱帶魚群、海龜、鯊魚等生物。活動亦會強調提升潛水技巧，包括掌控中性浮力和省氣技巧，增強潛水安全和舒適度。','活動時程通常為半天至一天。上午集合並進行潛點介紹、安全說明及裝備檢查，接著乘船前往潛點。根據行程包含 2-3 支潛水，單支潛水時間約 45 分鐘至 1 小時，並安排休息與水面安全停留時間。下午返航後，進行簡單回顧及分享，並有時間欣賞活動紀錄影像。','．費用涵蓋潛水專業教練指導、船隻接駁服務、保險\r\n．全套潛水裝備（可自備面鏡及呼吸管）\r\n．包含中餐、水面間隙的小點心及飲品\r\n．可選擇加購水下攝影服務','．參加者需持有潛水證照並帶證書到場，且近期內無潛水不適記錄。\n．活動前應避免過度勞累及飲酒。\n．活動當日和前一天勿搭飛機，以防減壓病風險。\n．請攜帶足夠的保暖衣物、防曬用品，並務必遵循教練指導。',1,'0016','0017','0018','0019','0020');
/*!40000 ALTER TABLE `lesson` ENABLE KEYS */;
UNLOCK TABLES;

--
-- Table structure for table `lesson_img`
--

DROP TABLE IF EXISTS `lesson_img`;
/*!40101 SET @saved_cs_client     = @@character_set_client */;
/*!50503 SET character_set_client = utf8mb4 */;
CREATE TABLE `lesson_img` (
  `lesson_img_id` int(11) NOT NULL AUTO_INCREMENT,
  `lesson_id` int(11) NOT NULL,
  `lesson_img` varchar(30) NOT NULL,
  PRIMARY KEY (`lesson_img_id`),
  KEY `lesson_id` (`lesson_id`),
  CONSTRAINT `lesson_img_ibfk_1` FOREIGN KEY (`lesson_id`) REFERENCES `lesson` (`lesson_id`)
) ENGINE=InnoDB DEFAULT CHARSET=utf8mb4 COLLATE=utf8mb4_unicode_ci;
/*!40101 SET character_set_client = @saved_cs_client */;

--
-- Dumping data for table `lesson_img`
--

LOCK TABLES `lesson_img` WRITE;
/*!40000 ALTER TABLE `lesson_img` DISABLE KEYS */;
/*!40000 ALTER TABLE `lesson_img` ENABLE KEYS */;
UNLOCK TABLES;

--
-- Table structure for table `lesson_islike`
--

DROP TABLE IF EXISTS `lesson_islike`;
/*!40101 SET @saved_cs_client     = @@character_set_client */;
/*!50503 SET character_set_client = utf8mb4 */;
CREATE TABLE `lesson_islike` (
  `islike_id` int(11) NOT NULL AUTO_INCREMENT,
  `user_id` int(11) NOT NULL,
  `round_id` int(11) NOT NULL,
  PRIMARY KEY (`islike_id`),
  KEY `round_id` (`round_id`),
  CONSTRAINT `lesson_islike_ibfk_1` FOREIGN KEY (`round_id`) REFERENCES `lesson_round` (`round_id`)
) ENGINE=InnoDB DEFAULT CHARSET=utf8mb4 COLLATE=utf8mb4_unicode_ci;
/*!40101 SET character_set_client = @saved_cs_client */;

--
-- Dumping data for table `lesson_islike`
--

LOCK TABLES `lesson_islike` WRITE;
/*!40000 ALTER TABLE `lesson_islike` DISABLE KEYS */;
/*!40000 ALTER TABLE `lesson_islike` ENABLE KEYS */;
UNLOCK TABLES;

--
-- Table structure for table `lesson_loc`
--

DROP TABLE IF EXISTS `lesson_loc`;
/*!40101 SET @saved_cs_client     = @@character_set_client */;
/*!50503 SET character_set_client = utf8mb4 */;
CREATE TABLE `lesson_loc` (
  `lesson_loc_id` int(11) NOT NULL AUTO_INCREMENT,
  `lesson_loc` varchar(10) NOT NULL,
  PRIMARY KEY (`lesson_loc_id`)
) ENGINE=InnoDB AUTO_INCREMENT=7 DEFAULT CHARSET=utf8mb4 COLLATE=utf8mb4_unicode_ci;
/*!40101 SET character_set_client = @saved_cs_client */;

--
-- Dumping data for table `lesson_loc`
--

LOCK TABLES `lesson_loc` WRITE;
/*!40000 ALTER TABLE `lesson_loc` DISABLE KEYS */;
INSERT INTO `lesson_loc` VALUES (1,'東北角'),(2,'墾丁'),(3,'小琉球'),(4,'綠島'),(5,'蘭嶼');
/*!40000 ALTER TABLE `lesson_loc` ENABLE KEYS */;
UNLOCK TABLES;

--
-- Table structure for table `lesson_order`
--

DROP TABLE IF EXISTS `lesson_order`;
/*!40101 SET @saved_cs_client     = @@character_set_client */;
/*!50503 SET character_set_client = utf8mb4 */;
CREATE TABLE `lesson_order` (
  `order_id` int(11) NOT NULL AUTO_INCREMENT,
  `round_id` int(11) NOT NULL,
  `user_id` int(11) NOT NULL,
  `order_num` varchar(13) NOT NULL,
  `order_payment` varchar(30) DEFAULT NULL,
  `order_ispay` int(1) NOT NULL DEFAULT 0,
  `order_iscancel` int(1) NOT NULL DEFAULT 0,
  `order_price` int(11) NOT NULL,
  `order_point` int(11) NOT NULL,
  `created_at` datetime NOT NULL DEFAULT current_timestamp(),
  PRIMARY KEY (`order_id`),
  KEY `round_id` (`round_id`),
  CONSTRAINT `lesson_order_ibfk_1` FOREIGN KEY (`round_id`) REFERENCES `lesson_round` (`round_id`)
) ENGINE=InnoDB AUTO_INCREMENT=2 DEFAULT CHARSET=utf8mb4 COLLATE=utf8mb4_unicode_ci;
/*!40101 SET character_set_client = @saved_cs_client */;

--
-- Dumping data for table `lesson_order`
--

LOCK TABLES `lesson_order` WRITE;
/*!40000 ALTER TABLE `lesson_order` DISABLE KEYS */;
INSERT INTO `lesson_order` VALUES (1,76,2,'1732005737651',NULL,0,0,15000,150,'2024-11-19 16:42:17');
/*!40000 ALTER TABLE `lesson_order` ENABLE KEYS */;
UNLOCK TABLES;

--
-- Table structure for table `lesson_round`
--

DROP TABLE IF EXISTS `lesson_round`;
/*!40101 SET @saved_cs_client     = @@character_set_client */;
/*!50503 SET character_set_client = utf8mb4 */;
CREATE TABLE `lesson_round` (
  `round_id` int(11) NOT NULL AUTO_INCREMENT,
  `lesson_id` int(11) NOT NULL,
  `coach_id` int(11) NOT NULL,
  `lesson_loc_id` int(11) NOT NULL,
  `round_start` date NOT NULL,
  `round_end` date DEFAULT NULL,
  `round_price` int(10) NOT NULL,
  `round_quota` int(5) NOT NULL,
  `is_valid` tinyint(1) NOT NULL DEFAULT 1,
  PRIMARY KEY (`round_id`),
  KEY `lesson_id` (`lesson_id`),
  KEY `lesson_loc_id` (`lesson_loc_id`),
  KEY `coach_id` (`coach_id`),
  CONSTRAINT `lesson_round_ibfk_1` FOREIGN KEY (`lesson_id`) REFERENCES `lesson` (`lesson_id`),
  CONSTRAINT `lesson_round_ibfk_2` FOREIGN KEY (`lesson_loc_id`) REFERENCES `lesson_loc` (`lesson_loc_id`),
  CONSTRAINT `lesson_round_ibfk_3` FOREIGN KEY (`coach_id`) REFERENCES `coach` (`coach_id`)
) ENGINE=InnoDB AUTO_INCREMENT=151 DEFAULT CHARSET=utf8mb4 COLLATE=utf8mb4_unicode_ci;
/*!40101 SET character_set_client = @saved_cs_client */;

--
-- Dumping data for table `lesson_round`
--

LOCK TABLES `lesson_round` WRITE;
/*!40000 ALTER TABLE `lesson_round` DISABLE KEYS */;
INSERT INTO `lesson_round` VALUES (1,51,1,5,'2024-11-23',NULL,6000,4,1),(2,1,1,5,'2024-11-24',NULL,3700,3,1),(3,7,1,4,'2024-11-29','2024-12-01',16000,3,1),(4,1,1,4,'2024-12-07',NULL,3500,3,1),(5,51,1,4,'2024-12-08',NULL,5500,4,1),(6,7,1,4,'2024-12-14','2024-12-16',16000,3,1),(7,20,1,4,'2024-12-21','2024-12-22',13000,2,1),(8,41,1,4,'2024-12-26','2025-01-08',80000,1,1),(9,20,1,5,'2025-01-11','2025-01-12',13500,2,1),(10,41,1,5,'2025-01-16','2025-01-29',82000,1,1),(41,7,2,2,'2024-11-24','2024-11-26',15000,3,1),(42,1,2,3,'2024-11-29',NULL,3200,3,1),(43,51,2,3,'2024-11-30',NULL,5600,4,1),(44,20,2,2,'2024-12-06','2024-12-07',12000,2,1),(45,41,2,2,'2024-12-11','2024-12-24',72000,1,1),(46,7,2,3,'2024-12-28','2024-12-30',16000,3,1),(47,20,2,3,'2025-01-03','2025-01-04',12500,2,1),(48,51,2,3,'2025-01-10',NULL,5600,4,1),(49,1,2,3,'2025-01-12',NULL,3200,3,1),(50,7,2,2,'2025-01-18','2025-01-20',15000,3,1),(51,41,3,1,'2024-11-23','2024-12-06',72000,1,1),(52,1,3,1,'2024-12-09',NULL,3000,3,1),(53,7,3,1,'2024-12-13','2024-12-15',15000,3,1),(54,51,3,1,'2024-12-20',NULL,5000,4,1),(55,1,3,1,'2024-12-21',NULL,3200,3,1),(56,7,3,1,'2024-12-27','2024-12-29',15000,3,1),(57,20,3,1,'2025-01-05','2025-01-06',12000,2,1),(58,51,3,1,'2025-01-10',NULL,5000,4,1),(59,1,3,1,'2025-01-11',NULL,3200,3,1),(60,7,3,1,'2025-01-18','2025-01-20',15000,3,1),(61,51,4,1,'2024-11-22',NULL,6000,4,1),(62,2,4,1,'2024-11-24',NULL,3500,3,1),(63,8,4,1,'2024-11-28','2024-11-30',16000,3,1),(64,9,4,1,'2024-12-06','2024-12-08',16000,3,1),(65,25,4,1,'2024-12-13','2024-12-14',13000,2,1),(66,8,4,1,'2024-12-20','2024-12-22',16000,3,1),(67,51,4,1,'2024-12-27',NULL,6000,4,1),(68,46,4,1,'2025-01-02','2025-01-15',73000,1,1),(69,9,4,1,'2025-01-18','2025-01-20',16000,3,1),(70,8,4,1,'2025-01-25','2025-01-27',16000,3,1),(71,51,5,4,'2024-11-23',NULL,5000,4,1),(72,2,5,4,'2024-11-24',NULL,3000,3,1),(73,8,5,4,'2024-11-29','2024-12-01',15000,3,1),(74,51,5,5,'2024-12-07',NULL,5000,4,1),(75,2,5,5,'2024-12-08',NULL,3000,3,1),(76,9,5,5,'2024-12-13','2024-12-15',15000,3,1),(77,51,5,4,'2024-12-21',NULL,5000,4,1),(78,2,5,4,'2024-12-22',NULL,3000,3,1),(79,8,5,4,'2024-12-27','2024-12-29',15000,3,1),(80,25,5,4,'2025-01-10','2025-01-11',12000,2,1),(81,46,6,2,'2024-11-27','2024-12-10',80000,1,1),(82,8,6,2,'2024-12-13','2024-12-15',16000,3,1),(83,9,6,3,'2024-12-20','2024-12-22',16500,3,1),(84,25,6,3,'2024-12-27','2024-12-28',13500,2,1),(85,51,6,3,'2025-01-03',NULL,7000,4,1),(86,51,6,3,'2025-01-05',NULL,7000,4,1),(87,8,6,2,'2025-01-10','2025-01-12',16000,3,1),(88,9,6,3,'2025-01-17','2025-01-19',16500,3,1),(89,25,6,2,'2025-01-25','2025-01-26',13500,2,1),(90,51,6,2,'2025-01-31',NULL,7000,4,1),(91,15,7,2,'2024-11-23','2024-11-24',13000,2,1),(92,36,7,2,'2024-11-27','2024-12-10',78000,1,1),(93,5,7,3,'2024-12-13','2024-12-15',16000,3,1),(94,51,7,3,'2024-12-20',NULL,6000,4,1),(95,15,7,3,'2024-12-22','2024-12-23',13000,2,1),(96,6,7,2,'2024-12-27','2024-12-29',16000,3,1),(97,51,7,2,'2025-01-03',NULL,6000,4,1),(98,15,7,2,'2025-01-04','2025-01-05',13000,2,1),(99,6,7,3,'2025-01-10','2025-01-12',16000,3,1),(100,36,7,2,'2025-01-16','2025-01-29',78000,1,1),(101,51,8,1,'2024-11-23',NULL,5000,3,1),(102,3,8,1,'2024-11-24',NULL,3000,3,1),(103,5,8,1,'2024-11-29','2024-12-01',15000,3,1),(104,51,8,1,'2024-12-06',NULL,5000,3,1),(105,3,8,1,'2024-12-08',NULL,3000,3,1),(106,6,8,1,'2024-12-13','2024-12-15',15000,3,1),(107,15,8,1,'2024-12-20','2024-12-21',12000,2,1),(108,51,8,1,'2024-12-22',NULL,5000,3,1),(109,6,8,1,'2025-01-03','2025-01-05',15000,3,1),(110,3,8,1,'2025-01-11',NULL,3000,3,1),(111,6,9,4,'2024-11-23','2024-11-25',15800,3,1),(112,5,9,5,'2024-11-29','2024-12-01',15800,3,1),(113,15,9,5,'2024-12-05','2024-12-06',12800,2,1),(114,36,9,5,'2024-12-08','2024-12-21',76000,1,1),(115,51,9,5,'2024-12-24','0000-00-00',5600,4,1),(116,3,9,5,'2024-12-27',NULL,3600,3,1),(117,5,9,4,'2025-01-03','2025-01-05',15800,3,1),(118,51,9,4,'2025-01-07',NULL,5600,4,1),(119,6,9,5,'2025-01-10','2025-01-12',15800,3,1),(120,51,9,5,'2025-01-17',NULL,5600,4,1),(121,50,10,1,'2024-11-25','2024-12-08',75000,1,1),(122,4,10,1,'2024-12-13','2024-12-15',15500,3,1),(123,51,10,1,'2024-12-21',NULL,5000,4,1),(124,51,10,1,'2024-12-22',NULL,5500,4,1),(125,4,10,1,'2024-12-27','2024-12-29',15500,3,1),(126,51,10,1,'2025-01-04',NULL,5500,4,1),(127,51,10,1,'2025-01-05',NULL,5500,4,1),(128,10,10,1,'2025-01-10','2025-01-11',12500,2,1),(129,51,10,1,'2025-01-18',NULL,5500,4,1),(130,4,10,1,'2025-01-24','2025-01-26',15500,3,1),(131,51,11,2,'2024-11-22',NULL,5000,3,1),(132,51,11,2,'2024-11-24',NULL,5000,3,1),(133,4,11,2,'2024-11-29','2024-12-01',15000,3,1),(134,51,11,3,'2024-12-06',NULL,5000,3,1),(135,51,11,3,'2024-12-08',NULL,5000,3,1),(136,4,11,3,'2024-12-13','2024-12-15',15000,3,1),(137,10,11,3,'2024-12-20','2024-12-21',12000,2,1),(138,51,11,3,'2024-12-23',NULL,5000,3,1),(139,4,11,2,'2024-12-27','2024-12-29',15000,3,1),(140,51,11,2,'2025-01-04',NULL,5000,3,1),(141,51,12,4,'2024-11-24',NULL,5700,4,1),(142,4,12,4,'2024-11-28','2024-11-30',15700,3,1),(143,51,12,4,'2024-12-01',NULL,5700,4,1),(144,4,12,5,'2024-12-05','2024-12-07',15700,3,1),(145,51,12,5,'2024-12-08',NULL,5700,4,1),(146,10,12,5,'2024-12-13','2024-12-14',12700,2,1),(147,51,12,5,'2024-12-15',NULL,5700,4,1),(148,50,12,5,'2024-12-17','2024-12-30',77000,1,1),(149,4,12,4,'2025-01-03','2025-01-05',15700,3,1),(150,51,12,4,'2025-01-10',NULL,5700,4,1);
/*!40000 ALTER TABLE `lesson_round` ENABLE KEYS */;
UNLOCK TABLES;

--
-- Table structure for table `lesson_type`
--

DROP TABLE IF EXISTS `lesson_type`;
/*!40101 SET @saved_cs_client     = @@character_set_client */;
/*!50503 SET character_set_client = utf8mb4 */;
CREATE TABLE `lesson_type` (
  `lesson_type_id` int(11) NOT NULL AUTO_INCREMENT,
  `lesson_type` varchar(10) NOT NULL,
  PRIMARY KEY (`lesson_type_id`)
) ENGINE=InnoDB AUTO_INCREMENT=6 DEFAULT CHARSET=utf8mb4 COLLATE=utf8mb4_unicode_ci;
/*!40101 SET character_set_client = @saved_cs_client */;

--
-- Dumping data for table `lesson_type`
--

LOCK TABLES `lesson_type` WRITE;
/*!40000 ALTER TABLE `lesson_type` DISABLE KEYS */;
INSERT INTO `lesson_type` VALUES (1,'體驗課程'),(2,'旅遊課程'),(3,'基礎證照課程'),(4,'進階證照課程'),(5,'專業證照課程');
/*!40000 ALTER TABLE `lesson_type` ENABLE KEYS */;
UNLOCK TABLES;

--
-- Table structure for table `level`
--

DROP TABLE IF EXISTS `level`;
/*!40101 SET @saved_cs_client     = @@character_set_client */;
/*!50503 SET character_set_client = utf8mb4 */;
CREATE TABLE `level` (
  `level_id` int(11) NOT NULL AUTO_INCREMENT,
  `level_name` varchar(3) DEFAULT NULL,
  PRIMARY KEY (`level_id`)
) ENGINE=InnoDB AUTO_INCREMENT=4 DEFAULT CHARSET=utf8mb4 COLLATE=utf8mb4_general_ci;
/*!40101 SET character_set_client = @saved_cs_client */;

--
-- Dumping data for table `level`
--

LOCK TABLES `level` WRITE;
/*!40000 ALTER TABLE `level` DISABLE KEYS */;
INSERT INTO `level` VALUES (1,'初階'),(2,'中階'),(3,'高階');
/*!40000 ALTER TABLE `level` ENABLE KEYS */;
UNLOCK TABLES;

--
-- Table structure for table `log`
--

DROP TABLE IF EXISTS `log`;
/*!40101 SET @saved_cs_client     = @@character_set_client */;
/*!50503 SET character_set_client = utf8mb4 */;
CREATE TABLE `log` (
  `log_id` int(11) NOT NULL AUTO_INCREMENT,
  `site_id` int(11) NOT NULL,
  `user_id` int(11) NOT NULL,
  `date` date NOT NULL,
  `max_depth` tinyint(4) DEFAULT NULL,
  `bottom_time` tinyint(4) DEFAULT NULL,
  `water_temp` tinyint(4) DEFAULT NULL,
  `visi_id` int(11) DEFAULT NULL,
  `method_id` int(11) DEFAULT NULL,
  `log_exp` varchar(500) DEFAULT NULL,
  `is_privacy` tinyint(1) NOT NULL COMMENT ' 0=是(私人) 1=否(公開)',
  `is_draft` tinyint(1) NOT NULL COMMENT '0=否，1=是',
  `created_at` timestamp NOT NULL DEFAULT current_timestamp() ON UPDATE current_timestamp(),
  `updated_at` timestamp NOT NULL DEFAULT current_timestamp() ON UPDATE current_timestamp(),
  PRIMARY KEY (`log_id`),
  KEY `site_id` (`site_id`),
  KEY `user_id` (`user_id`),
  KEY `visi_id` (`visi_id`),
  KEY `method_id` (`method_id`)
) ENGINE=InnoDB AUTO_INCREMENT=67 DEFAULT CHARSET=utf8mb4 COLLATE=utf8mb4_general_ci;
/*!40101 SET character_set_client = @saved_cs_client */;

--
-- Dumping data for table `log`
--

LOCK TABLES `log` WRITE;
/*!40000 ALTER TABLE `log` DISABLE KEYS */;
INSERT INTO `log` VALUES (44,6,2,'2024-11-01',28,25,28,1,2,'鋼鐵礁是綠島潛水愛好者心目中的經典潛點，以其宛如鋼鐵般堅硬的岩壁和壯觀的火山地形而聞名。這片潛點深度約在 10 至 30 米之間，能見度極佳，適合有一定經驗的潛水員探索。\n\n潛入鋼鐵礁，首先映入眼簾的是陡峭的岩壁，上面覆滿了多種軟硬珊瑚和海綿，為海洋生物提供了豐富的棲息地。在這裡，常能看到大型魚類悠游，如石斑魚、魟魚，甚至偶爾會遇到海龜與潛水者共游。岩壁間的裂縫和洞穴也隱藏著許多生態亮點，像是鮮豔的裸鰓類和各種小型甲殼類。\n\n鋼鐵礁的魅力不僅在於其壯麗的地形，還有其水流帶來的挑戰性。在水流輕微時，這裡是放鬆身心的理想潛點；但若水流較強，則需要良好的潛水技巧來控制中性浮力，以免被推離岩壁。\n\n這次在鋼鐵礁的潛水讓我感受到大自然的力量與奇妙。壯觀的地形和豐富的海洋生態讓這裡成為我潛水旅程中的一大亮點，也深深吸引我未來再度造訪。',1,0,'2024-11-16 17:10:02','2024-11-16 17:10:02'),(45,12,2,'2024-11-02',18,30,26,2,1,'中寮港是綠島最適合初學者的潛點之一，平靜的水域和便利的入口，讓潛水過程變得特別輕鬆。這次潛水，我在港口內見到了許多色彩繽紛的小魚和珊瑚，甚至還碰上了一隻悠游的海龜！水深適中，非常適合放鬆心情，一邊探索海底世界，一邊享受與大自然的親密互動。中寮港的美好，讓人輕而易舉愛上潛水！',0,0,'2024-11-16 17:11:29','2024-11-16 17:11:29'),(46,16,2,'2024-11-02',18,30,27,1,2,'今天在綠島潛水，竟然在珊瑚叢裡遇見了小丑魚！牠們躲在海葵裡，一副害羞又好奇的模樣，看著我靠近又快速地游回去，真的太可愛了！我忍不住停下來多看了牠們幾眼，彷彿牠們也在說：「嗨，歡迎來到我們的家！」那種與自然交流的感覺真的很奇妙，瞬間覺得所有壓力都被大海沖淡了。潛水真的讓人療癒，每次都有新的發現，這次的小丑魚之遇絕對是今天的亮點！',1,0,'2024-11-19 11:09:21','2024-11-19 11:09:21'),(47,14,2,'2024-11-01',18,38,28,1,1,'公館鼻是綠島一個以奇特地形聞名的潛點，岩石層層堆疊，宛如一幅壯麗的海底畫作。這次潛水，我隨著導潛緩緩下潛，陽光穿透海水，將岩壁照得閃閃發光。沿著岩石探索，發現了隱藏在裂縫中的海鰻，還有一群雀鯛在珊瑚間悠游，畫面美得像水下童話。\n\n這裡的水深約 10 至 20 米，水流平緩，非常適合放鬆身心。一邊觀察珊瑚生態，一邊享受安靜的海底世界，彷彿時間都慢了下來。公館鼻的壯麗地形和豐富的生態，讓這次潛水成為我綠島之行的難忘回憶！',0,0,'2024-11-16 17:29:58','2024-11-16 17:29:58'),(48,13,2,'2024-11-03',10,45,28,1,1,'綠島的黃色愛心裝置是潛水者不能錯過的經典景點，鮮明的黃色在蔚藍海水的襯托下格外吸引目光。它位於約 10 公尺深的地方，是一個充滿創意的人工設計，形狀完美的愛心象徵著浪漫與祝福。\n\n當我靠近這個裝置時，感受到一種奇妙的氛圍，小魚悠游其中，彷彿也在為這顆愛心增添生氣。我忍不住停下來拍了幾張照片，把手比成心形，與這片夢幻的海底背景合影。\n\n這次的潛水讓我體會到，海底不僅是自然的世界，也可以充滿人文的巧思。綠島的黃色愛心不僅是一個打卡點，更是潛水旅程中的甜蜜亮點。',1,0,'2024-11-16 17:32:37','2024-11-16 17:32:37'),(49,38,2,'2024-10-03',5,30,28,3,1,'這次潛水選擇了小琉球的中澳沙灘，雖然這裡的沙灘景色迷人，但水下的能見度卻相對較差，大約只有 5 至 8 米。水中懸浮的微小顆粒讓視線變得模糊，剛開始有些不習慣，但適應後，卻發現了另一種探索的樂趣。\n\n在低能見度的環境中，反而能更專注於近距離的觀察。我在海草叢中發現了迷你海兔，還有一隻隱藏在沙中的比目魚。這樣的潛水雖然不像高能見度那般壯觀，但卻多了一份尋找小驚喜的成就感。\n\n這次的經驗讓我深刻體會到，即使能見度差，海底世界仍然有它迷人的地方，只要用心體會，每次潛水都是一次與自然的親密接觸。',0,0,'2024-11-16 17:34:29','2024-11-16 17:34:29'),(50,48,1,'2024-10-03',10,35,26,2,1,'這次在杉福小丑島潛水，果然名副其實！剛下水沒多久，就在海葵中發現了幾隻小丑魚，牠們鮮豔的橘白相間條紋在藍綠的海水中格外顯眼。小丑魚一邊靜靜地躲在海葵裡，一邊又好奇地探出頭看著我們，樣子可愛到讓人心都融化了。\n\n我試著保持距離，用最輕柔的動作慢慢靠近，牠們似乎也不害怕，甚至開始在我們周圍游來游去。這樣的互動讓我感到非常驚喜，彷彿瞬間成為了牠們的一部分。\n\n杉福小丑島不愧是小丑魚的天堂，這次的潛水不僅讓我大飽眼福，也增添了與海洋生物親密接觸的美好回憶！',1,0,'2024-11-16 17:36:27','2024-11-16 17:36:27'),(51,42,2,'2024-10-03',5,45,28,3,1,'這次在大福西潛水，碰上了能見度不佳的狀況，大約只有 3 至 5 公尺，水中懸浮著不少微粒，讓原本期待的壯麗景色有些打折。低能見度讓導航變得更具挑戰性，一不注意就可能跟夥伴拉開距離，整體潛水體驗稍微受影響。\n\n不過，這次的狀況也讓我學到更多應對技巧，比如更專注於儀表和夥伴的動向，並嘗試用手電筒探尋隱藏的生物。意外發現了藏在岩石裂縫中的石斑魚，還有一隻緩慢移動的海兔，成為潛水中的小驚喜。\n\n雖然這次的大福西潛水挑戰不小，但也讓我體驗到與平常不同的環境，學會如何在不完美的條件下欣賞海洋的另一面。希望下次來訪時能遇到更好的能見度，再次探索這片海域的美好！',1,0,'2024-11-16 17:57:22','2024-11-16 17:57:22'),(52,47,1,'2024-10-04',NULL,NULL,NULL,NULL,NULL,NULL,1,1,'2024-11-16 18:31:59','2024-11-16 18:31:59'),(54,6,2,'2024-09-04',23,30,28,1,2,'鋼鐵礁是綠島的經典潛點之一，這次下水完全不負期待。水下能見度極佳，陽光穿透海面，映照在五彩斑斕的珊瑚礁上，彷彿進入一個奇幻的海洋世界。途中遇見了幾隻可愛的小丑魚，它們躲在海葵中悠游，俏皮的模樣讓人忍不住停下來多看幾眼。海底地形多變，有著壯觀的岩壁與隧道，讓每一步探索都充滿驚喜。這次潛水旅程既放鬆又充滿樂趣，鋼鐵礁的美讓我更加愛上了潛水！',1,0,'2024-11-19 11:09:02','2024-11-19 11:09:02'),(55,6,2,'2024-09-04',20,36,26,1,1,'這次在鋼鐵礁的潛水旅程讓人難以忘懷，水底的珊瑚礁群密集且色彩繽紛，充滿生機。最讓我驚喜的是在海葵間發現了一群小丑魚，牠們靈巧地穿梭其中，像是在歡迎我們的到來。除此之外，海底的地形也充滿變化，有峭壁和沙地交錯的景象，每一次轉角都帶來新的驚喜。這次的潛水不僅讓我感受到大海的壯麗，也增添了許多美好的回憶，期待下一次再訪綠島的鋼鐵礁！',0,0,'2024-11-19 03:53:57','2024-11-19 03:53:57'),(56,6,208,'2024-11-09',20,45,28,1,2,'鋼鐵礁彷彿是海底的花園，滿布著形狀各異、色彩繽紛的珊瑚。潛入水中後，立刻被眼前的景象震撼，像進入了另一個世界。各式各樣的硬珊瑚和軟珊瑚交織在一起，隨著水流輕輕搖曳，展現出自然的和諧之美。\n\n穿梭其中時，彷彿自己也成為了這片奇幻世界的一部分。細看每一片珊瑚，都有屬於它的獨特魅力，有的像腦紋般精緻，有的像花朵般嬌豔，還有的以壯觀的群落構築出自然的藝術品。這次潛水之旅讓我深深感受到大海的生命力與魅力，也更加珍惜這片寶貴的海洋資源。鋼鐵礁，絕對是潛水迷不容錯過的夢幻潛點！',1,0,'2024-11-18 15:22:10','2024-11-18 15:22:10'),(57,22,208,'2024-11-01',20,30,28,2,1,'蘭嶼獨有的原始海洋風貌在這裡展露無遺。下潛後，立刻被湛藍清澈的海水包圍，能見度極高，彷彿置身於透明的藍色天堂。外礁的珊瑚群落壯麗而健康，種類繁多，從色彩鮮豔的硬珊瑚到柔軟的海扇珊瑚，隨水流律動，讓人目不暇接。\n\n這裡的魚群也格外豐富，成群的小魚在珊瑚間穿梭，有時還能遇見大型魚類緩緩經過，增添驚喜。在外礁邊緣，壯觀的斷層地形讓人忍不住停下腳步，細細感受大自然的鬼斧神工。雙十外礁的美麗與震撼無法用言語完全形容，這次潛旅讓我更加珍惜與大海的每一次相遇，也對蘭嶼的海洋更加深深著迷！',1,0,'2024-11-18 15:36:46','2024-11-18 15:36:46'),(59,30,2,'2024-11-07',20,25,28,2,2,'蘭嶼一線天是獨具特色的潛點，以其壯觀的地形和絕佳的能見度聞名。這裡的峽谷地形宛如一條直通天際的縫隙，潛入其中，頭頂是洶湧的光影交錯，彷彿置身於神秘的水下宮殿。峽谷兩側覆滿硬珊瑚與軟珊瑚，環境幽靜且充滿生機，經常能見到優雅的蝙蝠魚成群穿梭其中，還有鮮豔的龍蝦躲藏在岩縫間。水流變化較大，適合經驗豐富的潛水員挑戰。在此潛水是一場探索大自然鬼斧神工的奇妙旅程，令人深感震撼，也增添了對海洋的敬畏之情。',1,0,'2024-11-19 04:27:55','2024-11-19 04:27:55'),(60,63,2,'2024-10-03',15,25,26,2,1,'恆春的軟珊瑚區是南台灣潛水的亮點之一，這裡的海底世界宛如一座夢幻的水下花園。五顏六色的軟珊瑚覆蓋著海床，隨著水流輕輕擺動，彷彿在跳著優雅的舞蹈。這裡還是海洋生物的天堂，可以觀察到各式各樣的小丑魚、蝴蝶魚、以及藏身於珊瑚中的豆丁海馬。如果仔細尋找，甚至能發現隱藏在軟珊瑚中的裸鰓類生物，為旅程增添驚喜。水深適中，流速平穩，非常適合放鬆享受潛水的樂趣。這次的潛水旅程讓我感受到大海的靜謐與生命的多樣，是一次無與倫比的體驗！',0,0,'2024-11-19 04:24:23','2024-11-19 04:24:23');
/*!40000 ALTER TABLE `log` ENABLE KEYS */;
UNLOCK TABLES;

--
-- Table structure for table `log_img`
--

DROP TABLE IF EXISTS `log_img`;
/*!40101 SET @saved_cs_client     = @@character_set_client */;
/*!50503 SET character_set_client = utf8mb4 */;
CREATE TABLE `log_img` (
  `img_id` int(11) NOT NULL AUTO_INCREMENT,
  `log_id` int(11) NOT NULL,
  `img_url` varchar(255) NOT NULL,
  `is_main` tinyint(1) NOT NULL,
  `create_at` datetime NOT NULL DEFAULT current_timestamp(),
  PRIMARY KEY (`img_id`),
  KEY `log_id` (`log_id`)
) ENGINE=InnoDB AUTO_INCREMENT=308 DEFAULT CHARSET=utf8mb4 COLLATE=utf8mb4_general_ci;
/*!40101 SET character_set_client = @saved_cs_client */;

--
-- Dumping data for table `log_img`
--

LOCK TABLES `log_img` WRITE;
/*!40000 ALTER TABLE `log_img` DISABLE KEYS */;
INSERT INTO `log_img` VALUES (252,44,'/img/a9aca46e-9bd7-457c-a587-7cb3daffd7a9.jpg',1,'2024-11-17 01:10:02'),(253,44,'/img/8740cdd8-7439-41e1-a01c-46a315cf5259.jpg',0,'2024-11-17 01:10:02'),(254,44,'/img/9ea4f83a-e407-477c-9bf3-fbfc2fbfafe4.jpg',0,'2024-11-17 01:10:02'),(255,45,'/img/8c6a8d9b-0948-4e51-9164-f2c628d4003d.jpg',1,'2024-11-17 01:11:29'),(257,47,'/img/ae23b426-d57a-4984-9edf-fdaad7eead68.jpg',1,'2024-11-17 01:29:58'),(258,47,'/img/e7a9b68f-ab19-4c0a-8dfa-bdcfc41100a6.jpg',0,'2024-11-17 01:29:58'),(259,48,'/img/13ba8a2f-1954-4feb-9d67-380d5cb8e9b3.jpg',0,'2024-11-17 01:32:37'),(260,48,'/img/07d9f1e1-95e5-4d63-8622-7ce642e23d4b.jpg',1,'2024-11-17 01:32:37'),(261,49,'/img/e47e74f8-f4bf-4802-9888-3a69ee0a68bb.jpg',1,'2024-11-17 01:34:29'),(262,49,'/img/e19f8269-3985-40b6-b1ea-f097c78b4ee2.jpg',0,'2024-11-17 01:34:29'),(264,50,'/img/db7854ee-4df7-43ac-ae04-2f8f10f1ef2f.jpg',1,'2024-11-17 01:36:27'),(265,51,'/img/25178467-2ab3-49a3-b13f-f26e78a28ae0.jpg',1,'2024-11-17 01:57:22'),(271,56,'/img/b8a19fe6-389f-4455-b34d-a6aaab7718c7.jpg',1,'2024-11-18 23:22:10'),(272,57,'/img/e601a780-958d-44d0-9bce-838c26ab04e9.jpg',1,'2024-11-18 23:36:46'),(279,55,'/img/298db4e6-dbdc-415e-8ddf-d01a047c0f58.jpg',1,'2024-11-19 11:53:57'),(280,55,'/img/fbfc69c1-2360-4dc1-ba14-5e3bfd2895eb.jpg',0,'2024-11-19 11:53:57'),(285,60,'/img/706ab19f-b574-494c-91e6-1fe630880580.jpg',1,'2024-11-19 12:24:23'),(286,60,'/img/ad98fa2d-a5f5-4308-b2f0-b75b233202df.jpg',0,'2024-11-19 12:24:23'),(289,59,'/img/218c69ab-4e19-410d-9f16-ca3a7281042a.jpg',1,'2024-11-19 12:27:55'),(302,54,'/img/5fa54115-516a-4521-b99e-98d5d7dc1f43.jpg',1,'2024-11-19 19:09:02'),(303,54,'/img/79aebf46-c13d-4cdc-a588-1c0499cae9aa.jpg',0,'2024-11-19 19:09:02'),(306,46,'/img/d73ca950-3ddb-45b2-b56a-0b81ce8db208.jpg',1,'2024-11-19 19:09:21'),(307,46,'/img/8bd2b504-513f-4aaf-b3e1-29e2b41d9735.jpg',0,'2024-11-19 19:09:21');
/*!40000 ALTER TABLE `log_img` ENABLE KEYS */;
UNLOCK TABLES;

--
-- Table structure for table `message_table`
--

DROP TABLE IF EXISTS `message_table`;
/*!40101 SET @saved_cs_client     = @@character_set_client */;
/*!50503 SET character_set_client = utf8mb4 */;
CREATE TABLE `message_table` (
  `message_id` int(11) NOT NULL AUTO_INCREMENT,
  `message_content` varchar(600) NOT NULL,
  `message_date` timestamp NULL DEFAULT current_timestamp(),
  `bl_id` int(11) NOT NULL,
  `user_id` int(11) NOT NULL,
  PRIMARY KEY (`message_id`),
  KEY `bl_id` (`bl_id`)
) ENGINE=InnoDB AUTO_INCREMENT=71 DEFAULT CHARSET=utf8mb4 COLLATE=utf8mb4_general_ci;
/*!40101 SET character_set_client = @saved_cs_client */;

--
-- Dumping data for table `message_table`
--

LOCK TABLES `message_table` WRITE;
/*!40000 ALTER TABLE `message_table` DISABLE KEYS */;
INSERT INTO `message_table` VALUES (1,'大家好，最近有什麼好的潛水景點推薦嗎？','2024-11-03 14:03:06',1,1),(2,'我剛學會了潛水，真是太有趣了！','2024-11-03 14:03:06',1,2),(3,'請問潛水裝備哪裡買比較好？','2024-11-03 14:03:06',1,3),(4,'有沒有推薦的潛水教練？','2024-11-03 14:03:06',1,4),(5,'最近有沒有潛水活動可以參加？','2024-11-03 14:03:06',1,5),(6,'聽說這個季節潛水能看到很多魚！','2024-11-03 14:03:06',1,6),(7,'有人試過夜潛嗎？感覺怎麼樣？','2024-11-03 14:03:06',1,7),(8,'潛水需要注意什麼安全事項？','2024-11-03 14:03:06',1,8),(9,'我想學習潛水，但不知道從哪裡開始。','2024-11-03 14:03:06',1,9),(10,'聽說潛水證書很重要，大家都是去哪裡考的？','2024-11-03 14:03:06',1,10),(11,'潛水教練的選擇真的很重要，有推薦的嗎？','2024-11-03 14:03:06',1,1),(12,'我在某個地方上課，教練非常專業！','2024-11-03 14:03:06',1,2),(13,'請問潛水教練的費用大概是多少？','2024-11-03 14:03:06',1,3),(14,'潛水教練一般要有什麼資格？','2024-11-03 14:03:06',1,4),(15,'我想報名潛水課程，教練會一對一嗎？','2024-11-03 14:03:06',1,5),(16,'對於新手來說，教練的耐心很重要！','2024-11-03 14:03:06',1,6),(17,'大家覺得線上課程和實體課程哪個好？','2024-11-03 14:03:06',1,7),(18,'最近聽說一位新教練評價不錯！','2024-11-03 14:03:06',1,8),(19,'如何選擇適合自己的潛水教練？','2024-11-03 14:03:06',1,9),(20,'我很喜歡我的潛水教練，真的很專業！','2024-11-03 14:03:06',1,10),(21,'請問氣瓶的使用年限是多久？','2024-11-03 14:03:06',1,1),(22,'如何檢查氣瓶的狀態？','2024-11-03 14:03:06',1,2),(23,'大家都是在哪裡租氣瓶的？','2024-11-03 14:03:06',1,3),(24,'氣瓶充氣需要注意什麼？','2024-11-03 14:03:06',1,4),(25,'氣瓶的大小和潛水深度有關嗎？','2024-11-03 14:03:06',1,5),(26,'我有聽過不同材質的氣瓶，有人可以分享嗎？','2024-11-03 14:03:06',1,6),(27,'氣瓶的重量對潛水影響大嗎？','2024-11-03 14:03:06',1,7),(28,'氣瓶的標準使用方法是什麼？','2024-11-03 14:03:06',1,8),(29,'我想買自己的氣瓶，有什麼建議？','2024-11-03 14:03:06',1,9),(30,'氣瓶的維護要定期做嗎？','2024-11-03 14:03:06',1,10),(31,'潛水裝備應該怎麼選擇？','2024-11-03 14:03:06',1,1),(32,'大家覺得哪些品牌的裝備比較好？','2024-11-03 14:03:06',1,2),(33,'我最近買了一套新裝備，使用感覺很好！','2024-11-03 14:03:06',1,3),(34,'潛水裝備清洗有什麼技巧？','2024-11-03 14:03:06',1,4),(35,'可以推薦一些必備的潛水裝備嗎？','2024-11-03 14:03:06',1,5),(36,'裝備過重會影響潛水體驗嗎？','2024-11-03 14:03:06',1,6),(37,'我想升級我的潛水裝備，有推薦嗎？','2024-11-03 14:03:06',1,7),(38,'裝備的保養方法大家都怎麼做？','2024-11-03 14:03:06',1,8),(39,'潛水時有沒有裝備可以提高安全性？','2024-11-03 14:03:06',1,9),(40,'我的裝備不小心受損了，怎麼處理？','2024-11-03 14:03:06',1,10),(41,'潛水課程通常要上多久？','2024-11-03 14:03:06',1,1),(42,'大家報名的潛水課程都去哪裡學習？','2024-11-03 14:03:06',1,2),(43,'對於新手來說，有沒有推薦的課程？','2024-11-03 14:03:06',1,3),(44,'課程的教材一般是什麼？','2024-11-03 14:03:06',1,4),(45,'我報名了潛水課程，真的期待學習！','2024-11-03 14:03:06',1,5),(46,'如何選擇合適的潛水課程？','2024-11-03 14:03:06',1,6),(47,'有沒有經驗的朋友分享一下課程內容？','2024-11-03 14:03:06',1,7),(48,'上課時教練會給什麼樣的指導？','2024-11-03 14:03:06',1,8),(49,'課程結束後會有證書嗎？','2024-11-03 14:03:06',1,9),(50,'我想報名進階課程，有人能幫忙嗎？','2024-11-03 14:03:06',1,10),(51,'有沒有推薦的潛點，大家一起去玩？','2024-11-03 14:03:06',1,1),(52,'最近潛點的水質怎麼樣？','2024-11-03 14:03:06',1,2),(53,'我想去新的潛點探索，有沒有建議？','2024-11-03 14:03:06',1,3),(54,'潛點的安全性如何評估？','2024-11-03 14:03:06',1,4),(55,'哪些潛點適合初學者？','2024-11-03 14:03:06',1,5),(56,'聽說有些潛點的海洋生物很特別！','2024-11-03 14:03:06',1,6),(57,'潛點的季節性變化大家有注意嗎？','2024-11-03 14:03:06',1,7),(58,'潛點的深度對潛水經驗有影響嗎？','2024-11-03 14:03:06',1,8),(59,'我對某個潛點有興趣，能分享一下經驗嗎？','2024-11-03 14:03:06',1,9),(60,'潛點附近的住宿選擇有推薦嗎？','2024-11-03 14:03:06',1,10),(61,'最近天氣很好，適合潛水，大家有去嗎？','2024-11-03 14:03:06',1,1),(62,'有沒有好吃的潛水後餐廳推薦？','2024-11-03 14:03:06',1,2),(63,'潛水過程中的趣事大家可以分享一下嗎？','2024-11-03 14:03:06',1,3),(64,'我最近看了潛水紀錄片，覺得很有趣！','2024-11-03 14:03:06',1,4),(65,'潛水後的放鬆方式，大家都怎麼做？','2024-11-03 14:03:06',1,5),(66,'在潛水過程中遇到的特別生物，有沒有分享的？','2024-11-03 14:03:06',1,6),(67,'最近參加了潛水展，看到很多新裝備！','2024-11-03 14:03:06',1,7),(68,'大家的潛水經歷中有沒有特別的回憶？','2024-11-03 14:03:06',1,8),(69,'如何在潛水後與朋友交流潛水經驗？','2024-11-03 14:03:06',1,9),(70,'潛水是我的興趣，大家有沒有其他興趣？','2024-11-03 14:03:06',1,10);
/*!40000 ALTER TABLE `message_table` ENABLE KEYS */;
UNLOCK TABLES;

--
-- Table structure for table `messages`
--

DROP TABLE IF EXISTS `messages`;
/*!40101 SET @saved_cs_client     = @@character_set_client */;
/*!50503 SET character_set_client = utf8mb4 */;
CREATE TABLE `messages` (
  `messages_id` int(11) NOT NULL AUTO_INCREMENT,
  `conversation_id` varchar(255) NOT NULL,
  `sender_user_id` int(11) NOT NULL,
  `receiver_user_id` int(11) NOT NULL,
  `message` text NOT NULL,
  `sent_at` datetime NOT NULL,
  PRIMARY KEY (`messages_id`)
) ENGINE=InnoDB AUTO_INCREMENT=224 DEFAULT CHARSET=utf8mb4 COLLATE=utf8mb4_general_ci COMMENT='記錄訊息內容及時間';
/*!40101 SET character_set_client = @saved_cs_client */;

--
-- Dumping data for table `messages`
--

LOCK TABLES `messages` WRITE;
/*!40000 ALTER TABLE `messages` DISABLE KEYS */;
INSERT INTO `messages` VALUES (37,'208-207-1731755424838',207,208,'我想問一下你哦 ～～ 我有看到你的文章，會建議怎麼過去綠島啊？','2024-11-16 22:33:34'),(103,'208-207-1731755424838',208,207,'剛剛有看到您發文，請問您有徵到淺伴了嗎？','2024-11-18 23:21:00'),(104,'208-207-1731755424838',207,208,'hi～目前還有沒有唷','2024-11-18 23:21:15'),(105,'208-207-1731755424838',207,208,'現在還差2人','2024-11-18 23:21:30'),(106,'208-207-1731755424838',208,207,'了解','2024-11-18 23:21:37'),(107,'208-207-1731755424838',208,207,'不過我可以的日期只有 3/5 那天的','2024-11-18 23:22:20'),(108,'208-207-1731755424838',207,208,'好哇！太好了，那我在等看看有沒有其他人私訊我，有新的消息我在跟你說～～～','2024-11-18 23:22:54'),(119,'200-201-1731755424838',200,201,'你有聽說最近的綠島潛水團嗎？','2024-11-19 10:10:00'),(120,'200-201-1731755424838',201,200,'有啊，我剛好有朋友報名，說是很值得去！','2024-11-19 10:11:15'),(121,'200-201-1731755424838',200,201,'聽起來不錯，我最近也在考慮要不要去潛一趟。','2024-11-19 10:12:00'),(122,'200-201-1731755424838',201,200,'可以啊，我們可以一起報名，比較有伴。','2024-11-19 10:13:15'),(123,'200-201-1731755424838',200,201,'好，那我再查一下詳細資料後跟你確認！','2024-11-19 10:14:00'),(124,'202-203-1731755424839',202,203,'你最近去過哪裡潛水？','2024-11-19 10:15:00'),(125,'202-203-1731755424839',203,202,'上週去了墾丁，那邊的水下景色真的超棒！','2024-11-19 10:16:00'),(126,'202-203-1731755424839',202,203,'真的假的！下次有機會我要跟去！','2024-11-19 10:17:00'),(127,'202-203-1731755424839',203,202,'好啊，聽說夏天的能見度會更好！','2024-11-19 10:18:00'),(128,'202-203-1731755424839',202,203,'那我來安排一下時間，趕快準備裝備！','2024-11-19 10:19:00'),(129,'204-205-1731755424840',204,205,'我最近想學潛水，你有推薦的教練嗎？','2024-11-19 10:20:00'),(130,'204-205-1731755424840',205,204,'有啊，我之前是在小琉球學的，教練人很好。','2024-11-19 10:21:15'),(131,'204-205-1731755424840',204,205,'小琉球聽起來不錯，水質應該很好吧？','2024-11-19 10:22:00'),(132,'204-205-1731755424840',205,204,'對，而且還能看到很多海龜！超級療癒。','2024-11-19 10:23:00'),(133,'204-205-1731755424840',204,205,'太棒了！那我也去報名試試看。','2024-11-19 10:24:00'),(134,'206-207-1731755424841',206,207,'你知道哪裡有賣潛水裝備的折扣嗎？','2024-11-19 10:25:00'),(135,'206-207-1731755424841',207,206,'最近有家店在做年終促銷，可以去看看！','2024-11-19 10:26:00'),(136,'206-207-1731755424841',206,207,'感謝推薦，我正好需要買一套新的裝備。','2024-11-19 10:27:00'),(137,'206-207-1731755424841',207,206,'不客氣！我買的面鏡就是在那裡買的，很划算。','2024-11-19 10:28:00'),(138,'206-207-1731755424841',206,207,'好，那我今晚就去看看！','2024-11-19 10:29:00'),(139,'208-200-1731755424842',208,200,'潛水新手有沒有需要注意的地方？','2024-11-19 10:30:00'),(140,'208-200-1731755424842',200,208,'最重要的是放輕鬆，還有注意耳壓平衡。','2024-11-19 10:31:00'),(141,'208-200-1731755424842',208,200,'懂了，那有推薦的練習方式嗎？','2024-11-19 10:32:00'),(142,'208-200-1731755424842',200,208,'可以先試試在游泳池練習，熟悉裝備操作。','2024-11-19 10:33:00'),(143,'208-200-1731755424842',208,200,'好的！感謝建議，我會去嘗試看看！','2024-11-19 10:34:00'),(144,'201-200-1731755424850',201,200,'最近聽說綠島有很棒的潛水點，你去過嗎？','2024-11-19 10:35:00'),(145,'201-200-1731755424850',200,201,'去過幾次，那邊的珊瑚和魚群真的很棒！','2024-11-19 10:36:00'),(146,'201-200-1731755424850',201,200,'聽起來很棒！你覺得什麼季節去最好？','2024-11-19 10:37:00'),(147,'201-200-1731755424850',200,201,'夏天最好，水溫和能見度都很適合潛水。','2024-11-19 10:38:00'),(148,'201-200-1731755424850',201,200,'謝謝分享，那我下次計劃夏天去試試看！','2024-11-19 10:39:00'),(149,'201-205-1731755424851',201,205,'你有試過龜山島的潛水嗎？','2024-11-19 10:40:00'),(150,'201-205-1731755424851',205,201,'有啊，水下真的很美，而且還能看到火山地形！','2024-11-19 10:41:00'),(151,'201-205-1731755424851',201,205,'火山地形？聽起來很特別！','2024-11-19 10:42:00'),(152,'201-205-1731755424851',205,201,'是啊，還有很多魚群，感覺就像進入了另一個世界。','2024-11-19 10:43:00'),(153,'201-205-1731755424851',201,205,'太吸引人了，我一定要找機會去試試！','2024-11-19 10:44:00'),(154,'201-206-1731755424852',201,206,'最近有什麼好用的潛水裝備推薦嗎？','2024-11-19 10:45:00'),(155,'201-206-1731755424852',206,201,'最近有款防水電筒很熱門，晚上潛水超方便！','2024-11-19 10:46:00'),(156,'201-206-1731755424852',201,206,'聽起來不錯，價格如何？','2024-11-19 10:47:00'),(157,'201-206-1731755424852',206,201,'大約 3000 元左右，品質很不錯。','2024-11-19 10:48:00'),(158,'201-206-1731755424852',201,206,'好，那我去查查看，感謝分享！','2024-11-19 10:49:00'),(159,'201-207-1731755424853',201,207,'最近有什麼潛水課程可以推薦的嗎？','2024-11-19 10:50:00'),(160,'201-207-1731755424853',207,201,'可以試試 PADI 的課程，他們的認證全球通用。','2024-11-19 10:51:00'),(161,'201-207-1731755424853',201,207,'認證全球通用聽起來很棒！那學費大概多少？','2024-11-19 10:52:00'),(162,'201-207-1731755424853',207,201,'基礎課程大約 15000 元左右，內容很扎實。','2024-11-19 10:53:00'),(163,'201-207-1731755424853',201,207,'謝謝，我會去研究一下，或許可以報名！','2024-11-19 10:54:00'),(164,'201-208-1731755424854',201,208,'你覺得潛水新手最需要注意什麼？','2024-11-19 10:55:00'),(165,'201-208-1731755424854',208,201,'最重要的是保持冷靜，不要緊張，還有熟悉裝備。','2024-11-19 10:56:00'),(166,'201-208-1731755424854',201,208,'了解，那有推薦的潛水裝備品牌嗎？','2024-11-19 10:57:00'),(167,'201-208-1731755424854',208,201,'可以考慮 Cressi，他們的裝備性價比很高。','2024-11-19 10:58:00'),(168,'201-208-1731755424854',201,208,'好，我去看看，感謝建議！','2024-11-19 10:59:00'),(169,'201-209-1731755424855',201,209,'你去過墾丁潛水嗎？感覺怎麼樣？','2024-11-19 11:00:00'),(170,'201-209-1731755424855',209,201,'有去過，那邊的珊瑚和魚群都很美，值得一去。','2024-11-19 11:01:00'),(171,'201-209-1731755424855',201,209,'聽起來很棒，那你推薦什麼潛點？','2024-11-19 11:02:00'),(172,'201-209-1731755424855',209,201,'可以試試南灣或後壁湖，那邊的水下風景很棒。','2024-11-19 11:03:00'),(173,'201-209-1731755424855',201,209,'感謝推薦，我下次一定要去試試看！','2024-11-19 11:04:00'),(174,'202-203-1731755424856',202,203,'最近有人推薦我去蘭嶼潛水，你有去過嗎？','2024-11-19 11:05:00'),(175,'202-203-1731755424856',203,202,'有啊，蘭嶼真的很美，水下的景觀超棒！','2024-11-19 11:06:00'),(176,'202-203-1731755424856',202,203,'那你覺得新手可以去嗎？','2024-11-19 11:07:00'),(177,'202-203-1731755424856',203,202,'可以啊，不過記得要找專業的教練帶隊比較安全。','2024-11-19 11:08:00'),(178,'202-203-1731755424856',202,203,'好的，我會注意！感謝推薦～','2024-11-19 11:09:00'),(179,'202-204-1731755424857',202,204,'你覺得潛水前需要特別準備什麼嗎？','2024-11-19 11:10:00'),(180,'202-204-1731755424857',204,202,'我覺得要先確認裝備是否完好，還有身體狀況也很重要。','2024-11-19 11:11:00'),(181,'202-204-1731755424857',202,204,'身體狀況是指什麼？感冒的話能潛嗎？','2024-11-19 11:12:00'),(182,'202-204-1731755424857',204,202,'感冒最好不要潛，因為可能影響耳壓平衡。','2024-11-19 11:13:00'),(183,'202-204-1731755424857',202,204,'了解了，那我一定會多注意的！','2024-11-19 11:14:00'),(184,'202-206-1731755424858',202,206,'你最近買了什麼潛水裝備？','2024-11-19 11:15:00'),(185,'202-206-1731755424858',206,202,'我剛買了一件新的防寒衣，保暖效果很好。','2024-11-19 11:16:00'),(186,'202-206-1731755424858',202,206,'什麼品牌的？價格如何？','2024-11-19 11:17:00'),(187,'202-206-1731755424858',206,202,'是 Scubapro 的，大約 8000 元，不算便宜但很值得。','2024-11-19 11:18:00'),(188,'202-206-1731755424858',202,206,'感謝分享，下次我也去看看！','2024-11-19 11:19:00'),(189,'202-208-1731755424859',202,208,'聽說綠島的沉船潛點很有名，你有去過嗎？','2024-11-19 11:20:00'),(190,'202-208-1731755424859',208,202,'有去過一次，真的很壯觀，適合有經驗的潛水員。','2024-11-19 11:21:00'),(191,'202-208-1731755424859',202,208,'那新手是不是不太建議去？','2024-11-19 11:22:00'),(192,'202-208-1731755424859',208,202,'對，新手可能要多練習後再去比較好。','2024-11-19 11:23:00'),(193,'202-208-1731755424859',202,208,'了解，那我先去其他潛點練習一下！','2024-11-19 11:24:00'),(194,'204-206-1731755424860',204,206,'潛水時候的安全事項有哪些是你特別注意的？','2024-11-19 11:25:00'),(195,'204-206-1731755424860',206,204,'主要是耳壓平衡和潛伴的距離，還有氧氣瓶的剩餘量。','2024-11-19 11:26:00'),(196,'204-206-1731755424860',204,206,'潛伴的距離是多近比較好？','2024-11-19 11:27:00'),(197,'204-206-1731755424860',206,204,'大約 1-2 米內，這樣方便隨時互相支援。','2024-11-19 11:28:00'),(198,'204-206-1731755424860',204,206,'學到了！下次我會多注意這些細節。','2024-11-19 11:29:00'),(199,'208-209-1731755424861',208,209,'你最近有計劃去哪裡潛水嗎？','2024-11-19 11:30:00'),(200,'208-209-1731755424861',209,208,'我在考慮去小琉球，那邊的海龜很多很有趣！','2024-11-19 11:31:00'),(201,'208-209-1731755424861',208,209,'聽起來不錯，那邊有適合新手的潛點嗎？','2024-11-19 11:32:00'),(202,'208-209-1731755424861',209,208,'有的，像是美人洞附近就很適合初學者。','2024-11-19 11:33:00'),(203,'208-209-1731755424861',208,209,'謝謝分享，我也開始計劃去那裡潛一次！','2024-11-19 11:34:00'),(204,'200-202-1731755424881',208,205,'最近有沒有計劃去哪裡潛水？','2024-11-19 12:00:00'),(205,'200-202-1731755424881',205,208,'有啊，我正在考慮去綠島。','2024-11-19 12:01:00'),(206,'200-202-1731755424881',208,205,'綠島的水下景色真的很漂亮，特別是珊瑚。','2024-11-19 12:02:00'),(207,'200-202-1731755424881',205,208,'聽說還有沉船潛點，我超想去看看！','2024-11-19 12:03:00'),(208,'200-202-1731755424881',208,205,'那我們可以一起計劃一下，剛好我也想去。','2024-11-19 12:04:00'),(209,'200-203-1731755424882',207,209,'最近有考慮參加潛水課程嗎？','2024-11-19 12:05:00'),(210,'200-203-1731755424882',209,207,'有啊，我想報名進階課程。','2024-11-19 12:06:00'),(211,'200-203-1731755424882',207,209,'進階課程能學到很多技巧，推薦試試 PADI 認證的。','2024-11-19 12:07:00'),(212,'200-203-1731755424882',209,207,'謝謝建議，我去查一下相關資訊！','2024-11-19 12:08:00'),(213,'200-203-1731755424882',207,209,'不客氣，期待下次一起潛水！','2024-11-19 12:09:00'),(214,'205-207-1731755424883',205,207,'你最近買了什麼潛水裝備嗎？','2024-11-19 12:10:00'),(215,'205-207-1731755424883',207,205,'有啊，我剛買了一個新的浮力調節器。','2024-11-19 12:11:00'),(216,'205-207-1731755424883',205,207,'聽起來不錯，是什麼品牌的？','2024-11-19 12:12:00'),(217,'205-207-1731755424883',207,205,'是 Scubapro 的，性能很不錯。','2024-11-19 12:13:00'),(218,'205-207-1731755424883',205,207,'感謝分享，下次潛水時帶上讓我看看！','2024-11-19 12:14:00'),(219,'207-208-1731755424884',207,208,'最近有考慮去哪裡潛水嗎？','2024-11-19 12:15:00'),(220,'207-208-1731755424884',208,207,'我想去墾丁，那邊的水下環境很棒。','2024-11-19 12:16:00'),(221,'207-208-1731755424884',207,208,'墾丁的南灣真的很不錯，你可以試試那邊的珊瑚區。','2024-11-19 12:17:00'),(222,'207-208-1731755424884',208,207,'好，我會先查一下行程安排！','2024-11-19 12:18:00'),(223,'207-208-1731755424884',207,208,'期待下次一起分享潛水經歷！','2024-11-19 12:19:00');
/*!40000 ALTER TABLE `messages` ENABLE KEYS */;
UNLOCK TABLES;

--
-- Table structure for table `method`
--

DROP TABLE IF EXISTS `method`;
/*!40101 SET @saved_cs_client     = @@character_set_client */;
/*!50503 SET character_set_client = utf8mb4 */;
CREATE TABLE `method` (
  `method_id` int(11) NOT NULL AUTO_INCREMENT,
  `method_name` varchar(5) DEFAULT NULL,
  PRIMARY KEY (`method_id`)
) ENGINE=InnoDB AUTO_INCREMENT=3 DEFAULT CHARSET=utf8mb4 COLLATE=utf8mb4_general_ci;
/*!40101 SET character_set_client = @saved_cs_client */;

--
-- Dumping data for table `method`
--

LOCK TABLES `method` WRITE;
/*!40000 ALTER TABLE `method` DISABLE KEYS */;
INSERT INTO `method` VALUES (1,'岸潛'),(2,'船潛');
/*!40000 ALTER TABLE `method` ENABLE KEYS */;
UNLOCK TABLES;

--
-- Table structure for table `order_items`
--

DROP TABLE IF EXISTS `order_items`;
/*!40101 SET @saved_cs_client     = @@character_set_client */;
/*!50503 SET character_set_client = utf8mb4 */;
CREATE TABLE `order_items` (
  `order_item_id` int(11) NOT NULL AUTO_INCREMENT,
  `order_id` int(11) NOT NULL,
  `product_variant_id` int(11) NOT NULL,
  `quantity` int(11) NOT NULL,
  `price` int(11) NOT NULL,
  PRIMARY KEY (`order_item_id`),
  KEY `order_id` (`order_id`),
  KEY `product_variant_id` (`product_variant_id`),
  CONSTRAINT `order_items_ibfk_2` FOREIGN KEY (`product_variant_id`) REFERENCES `product_variants` (`product_variant_id`),
  CONSTRAINT `order_items_ibfk_3` FOREIGN KEY (`order_id`) REFERENCES `order_list` (`order_id`)
) ENGINE=InnoDB AUTO_INCREMENT=182 DEFAULT CHARSET=utf8mb4 COLLATE=utf8mb4_general_ci;
/*!40101 SET character_set_client = @saved_cs_client */;

--
-- Dumping data for table `order_items`
--

LOCK TABLES `order_items` WRITE;
/*!40000 ALTER TABLE `order_items` DISABLE KEYS */;
INSERT INTO `order_items` VALUES (1,1,87,1,1400),(2,1,10,1,3200),(3,1,30,1,8200),(4,2,24,1,7500),(5,3,1,2,1400),(6,4,4,1,1700),(7,5,1,1,1400),(8,5,82,1,80),(9,5,35,1,11200),(13,9,4,1,1700),(14,9,1,3,1400),(15,9,77,1,5100),(16,9,39,1,4200),(17,9,24,3,7500),(18,9,9,1,3200),(23,11,56,1,1950),(24,11,1,1,1400),(25,11,25,1,7500),(26,11,24,1,7500),(27,12,1,1,1400),(28,12,24,1,7500),(29,12,39,1,4200),(30,12,56,1,1950),(31,12,71,1,22400),(32,12,79,1,300),(33,13,1,1,1400),(34,13,82,1,80),(35,13,80,1,200),(36,13,83,1,2700),(37,13,78,1,250),(38,13,79,1,300),(39,13,77,1,5100),(40,14,1,1,1400),(41,15,1,2,1400),(42,15,4,1,1700),(43,15,53,1,1600),(44,15,45,1,1800),(45,15,38,1,3800),(46,15,19,1,2750),(54,21,9,1,3200),(55,21,24,1,7500),(56,21,39,1,4200),(57,22,9,1,3200),(58,22,52,1,3700),(59,22,65,1,1800),(60,22,71,1,22400),(61,23,9,1,3200),(62,23,1,1,1400),(63,23,38,1,3800),(64,23,24,1,7500),(65,23,39,1,4200),(66,23,43,1,3200),(67,23,58,1,2150),(68,23,56,1,1950),(69,23,71,1,22400),(70,23,77,1,5100),(71,24,9,1,3200),(72,24,1,1,1400),(73,24,29,1,8200),(74,24,82,1,80),(75,24,81,1,170),(76,24,79,1,300),(77,24,66,1,3200),(78,25,9,1,3200),(79,25,1,1,1400),(80,25,4,1,1700),(81,25,24,1,7500),(82,25,53,1,1600),(83,25,45,1,1800),(84,25,62,1,1200),(85,25,70,1,890),(86,25,74,1,8100),(87,26,1,1,1400),(88,26,4,1,1700),(89,26,24,1,7500),(90,26,25,1,7500),(91,26,43,1,3200),(92,26,62,1,1200),(93,26,73,1,15700),(94,26,82,1,80),(95,26,81,1,170),(96,27,9,1,3200),(97,27,1,1,1400),(98,27,38,1,3800),(99,27,24,1,7500),(100,27,43,1,3200),(101,27,45,1,1800),(102,27,53,1,1600),(103,27,52,1,3700),(104,27,70,1,890),(105,27,62,1,1200),(106,27,65,1,1800),(107,27,76,1,35200),(108,27,75,1,42600),(109,27,79,1,300),(110,27,78,1,250),(111,28,77,1,5100),(112,28,83,1,2700),(113,28,33,1,9500),(114,29,76,1,35200),(115,29,75,1,42600),(116,29,74,1,8100),(117,29,71,1,22400),(118,29,72,1,72000),(119,29,73,1,15700),(120,29,77,1,5100),(121,29,78,1,250),(122,29,79,1,300),(123,29,80,1,200),(124,29,81,1,170),(125,29,82,1,80),(126,29,83,1,2700),(127,29,56,1,1950),(128,29,58,1,2150),(129,29,62,1,1200),(130,29,70,1,890),(131,29,66,1,3200),(132,29,65,1,1800),(133,29,39,1,4200),(134,29,43,1,3200),(135,29,45,1,1800),(136,29,53,1,1600),(137,29,52,1,3700),(138,29,48,1,3850),(139,29,24,1,7500),(140,29,25,1,7500),(141,29,29,1,8200),(142,29,38,1,3800),(143,29,35,1,11200),(144,29,33,1,9500),(145,29,1,1,1400),(146,29,4,1,1700),(147,29,9,1,3200),(148,29,19,1,2750),(149,29,16,1,2800),(150,29,13,1,2500),(151,30,1,1,1400),(152,30,45,1,1800),(153,30,74,1,8100),(154,31,1,1,1400),(155,31,74,1,8100),(156,31,45,1,1800),(157,32,1,1,1400),(158,32,82,1,80),(159,32,74,1,8100),(160,32,45,1,1800),(161,33,1,1,1400),(162,33,82,1,80),(163,34,1,1,1400),(164,34,24,1,7500),(165,35,1,1,1400),(166,35,74,1,8100),(167,36,45,2,1800),(168,36,58,1,2150),(170,38,4,1,1700),(171,38,29,1,8200),(172,39,9,1,3200),(175,41,77,1,5100),(176,42,74,3,8100),(177,43,29,1,8200),(178,43,48,1,3850),(179,44,1,1,1400),(181,46,9,1,3200);
/*!40000 ALTER TABLE `order_items` ENABLE KEYS */;
UNLOCK TABLES;

--
-- Table structure for table `order_list`
--

DROP TABLE IF EXISTS `order_list`;
/*!40101 SET @saved_cs_client     = @@character_set_client */;
/*!50503 SET character_set_client = utf8mb4 */;
CREATE TABLE `order_list` (
  `order_id` int(11) NOT NULL AUTO_INCREMENT,
  `user_id` int(11) NOT NULL,
  `is_paid` tinyint(1) DEFAULT 0,
  `created_time` datetime DEFAULT current_timestamp(),
  `payment_method` varchar(50) DEFAULT NULL,
  `shipping_method` varchar(50) DEFAULT NULL,
  `shipping_address` text DEFAULT NULL,
  `recipient_name` varchar(50) DEFAULT NULL,
  `recipient_email` varchar(50) DEFAULT NULL,
  `recipient_phone` varchar(50) DEFAULT NULL,
  PRIMARY KEY (`order_id`),
  KEY `user_id` (`user_id`),
  CONSTRAINT `order_list_ibfk_1` FOREIGN KEY (`user_id`) REFERENCES `user` (`user_id`)
) ENGINE=InnoDB AUTO_INCREMENT=47 DEFAULT CHARSET=utf8mb4 COLLATE=utf8mb4_general_ci;
/*!40101 SET character_set_client = @saved_cs_client */;

--
-- Dumping data for table `order_list`
--

LOCK TABLES `order_list` WRITE;
/*!40000 ALTER TABLE `order_list` DISABLE KEYS */;
INSERT INTO `order_list` VALUES (1,1,1,'2024-11-11 10:54:39','LINE PAY','home','台北市','John Doe','john@example.com','123-456-7890'),(2,1,1,'2024-11-12 14:08:29','LINE PAY','home','abc','John Doe','john@example.com','123-456-7890'),(3,1,1,'2024-11-12 17:31:40','LINE PAY','home','BBB','John Doe','john@example.com','123-456-7890'),(4,1,1,'2024-11-12 18:47:34','LINE PAY','home','123','John Doe','john@example.com','123-456-7890'),(5,1,1,'2024-11-12 19:16:57','LINE PAY','home','DDD','John Doe','john@example.com','123-456-7890'),(9,1,1,'2024-11-14 13:38:33','LINE PAY','home','CCC','John Doe','john@example.com','123-456-7890'),(11,1,1,'2024-11-14 13:53:30','LINE PAY','home','AAA','John Doe','john@example.com','123-456-7890'),(12,1,1,'2024-11-14 13:56:52','LINE PAY','home','AAA','John Doe','john@example.com','123-456-7890'),(13,1,1,'2024-11-14 14:00:01','LINE PAY','home','aaa','John Doe','john@example.com','123-456-7890'),(14,1,1,'2024-11-14 16:31:54',NULL,NULL,NULL,NULL,NULL,NULL),(15,208,1,'2024-11-14 17:28:55','LINE PAY','home','AAA','John Doe','john@example.com','123-456-7890'),(21,208,1,'2024-11-16 12:19:27',NULL,NULL,NULL,NULL,NULL,NULL),(22,208,1,'2024-11-16 12:19:40',NULL,NULL,NULL,NULL,NULL,NULL),(23,208,1,'2024-11-16 12:20:01',NULL,NULL,NULL,NULL,NULL,NULL),(24,208,1,'2024-11-16 12:20:21',NULL,NULL,NULL,NULL,NULL,NULL),(25,208,1,'2024-11-16 12:20:52',NULL,NULL,NULL,NULL,NULL,NULL),(26,208,1,'2024-11-16 12:21:16',NULL,NULL,NULL,NULL,NULL,NULL),(27,208,1,'2024-11-16 12:22:45',NULL,NULL,NULL,NULL,NULL,NULL),(28,208,1,'2024-11-16 12:23:01',NULL,NULL,NULL,NULL,NULL,NULL),(29,208,1,'2024-11-16 12:23:48',NULL,NULL,NULL,NULL,NULL,NULL),(30,208,1,'2024-11-16 12:33:08',NULL,NULL,NULL,NULL,NULL,NULL),(31,208,1,'2024-11-16 12:33:25',NULL,NULL,NULL,NULL,NULL,NULL),(32,208,1,'2024-11-16 12:33:37',NULL,NULL,NULL,NULL,NULL,NULL),(33,208,1,'2024-11-16 12:37:42',NULL,NULL,NULL,NULL,NULL,NULL),(34,208,1,'2024-11-16 12:37:56',NULL,NULL,NULL,NULL,NULL,NULL),(35,208,1,'2024-11-16 12:38:15',NULL,NULL,NULL,NULL,NULL,NULL),(36,208,1,'2024-11-16 12:42:49','LINE PAY','home','ABC','John Doe','john@example.com','123-456-7890'),(38,208,1,'2024-11-18 11:51:55','LINE PAY','home','地址資料不完整，請手動輸入','眉玲感','user208@example.com','0933123456'),(39,208,1,'2024-11-18 13:36:16','LINE PAY','home','地址資料不完整，請手動輸入','眉玲感','user208@example.com','0933123456'),(41,208,1,'2024-11-18 14:54:25','LINE PAY','home','地址資料不完整，請手動輸入','眉玲感','user208@example.com','0933123456'),(42,208,1,'2024-11-18 15:31:55','LINE PAY','home','地址資料不完整，請手動輸入','眉玲感','user208@example.com','0933123456'),(43,2,1,'2024-11-19 16:27:58','LINE PAY','home','臺東縣臺東市成功街187號1弄3樓','吳芳','user2@example.com','0940898790'),(44,2,1,'2024-11-19 16:36:08','LINE PAY','home','臺東縣臺東市成功街187號1弄3樓','吳芳','user2@example.com','0940898790'),(46,3,1,'2024-11-19 17:03:53','LINE PAY','home','臺東縣成功鎮和平街207號4樓','郭淑','user3@example.com','0960227432');
/*!40000 ALTER TABLE `order_list` ENABLE KEYS */;
UNLOCK TABLES;

--
-- Table structure for table `otp_codes`
--

DROP TABLE IF EXISTS `otp_codes`;
/*!40101 SET @saved_cs_client     = @@character_set_client */;
/*!50503 SET character_set_client = utf8mb4 */;
CREATE TABLE `otp_codes` (
  `otp_id` int(11) NOT NULL AUTO_INCREMENT,
  `user_id` int(11) NOT NULL,
  `otp_code` int(11) NOT NULL,
  `otp_expiration` datetime NOT NULL,
  `is_verified` int(11) NOT NULL,
  PRIMARY KEY (`otp_id`)
) ENGINE=InnoDB AUTO_INCREMENT=80 DEFAULT CHARSET=utf8mb4 COLLATE=utf8mb4_general_ci;
/*!40101 SET character_set_client = @saved_cs_client */;

--
-- Dumping data for table `otp_codes`
--

LOCK TABLES `otp_codes` WRITE;
/*!40000 ALTER TABLE `otp_codes` DISABLE KEYS */;
INSERT INTO `otp_codes` VALUES (1,212,450767,'2024-11-10 16:31:20',0),(2,212,376530,'2024-11-10 17:48:00',0),(3,212,376530,'2024-11-10 17:49:42',0),(4,212,901778,'2024-11-10 17:52:27',0),(5,212,901778,'2024-11-10 17:52:35',0),(6,212,396675,'2024-11-10 17:58:16',0),(7,212,947911,'2024-11-10 18:01:29',0),(8,212,690434,'2024-11-10 18:43:00',0),(9,212,690434,'2024-11-10 18:43:40',0),(10,212,464421,'2024-11-10 18:45:03',0),(11,212,464421,'2024-11-10 18:46:44',0),(12,212,464421,'2024-11-10 18:47:35',0),(13,212,619969,'2024-11-10 18:55:42',0),(14,212,619969,'2024-11-10 18:57:11',0),(15,212,944574,'2024-11-10 19:03:47',0),(16,212,182842,'2024-11-10 19:56:38',0),(17,212,509948,'2024-11-10 20:07:18',0),(18,212,509948,'2024-11-10 20:08:34',0),(19,212,725457,'2024-11-10 20:10:19',0),(20,212,725457,'2024-11-10 20:11:34',0),(21,212,725457,'2024-11-10 20:12:32',0),(22,212,725457,'2024-11-10 20:13:26',0),(23,212,725457,'2024-11-10 20:14:46',0),(24,212,147147,'2024-11-10 20:16:15',0),(25,212,147147,'2024-11-10 20:17:03',0),(26,212,147147,'2024-11-10 20:17:50',0),(27,212,147147,'2024-11-10 20:18:30',0),(28,212,147147,'2024-11-10 20:18:54',0),(29,212,147147,'2024-11-10 20:19:40',0),(30,212,343487,'2024-11-10 20:20:30',0),(31,212,343487,'2024-11-10 20:20:56',0),(32,212,343487,'2024-11-10 20:21:34',0),(33,212,366596,'2024-11-10 20:25:39',0),(34,210,366596,'2024-11-10 20:26:07',0),(35,210,366596,'2024-11-10 20:28:13',0),(36,212,760860,'2024-11-10 21:25:43',0),(37,212,335907,'2024-11-10 21:31:47',0),(38,212,988963,'2024-11-10 21:35:53',0),(39,212,569308,'2024-11-10 22:06:38',0),(40,211,617885,'2024-11-10 22:10:22',0),(41,211,617885,'2024-11-10 22:10:50',0),(42,211,95227,'2024-11-10 22:16:19',0),(43,212,95227,'2024-11-10 22:17:38',0),(44,212,95227,'2024-11-10 22:17:54',0),(45,212,95227,'2024-11-10 22:19:07',0),(46,211,95227,'2024-11-10 22:19:19',0),(47,212,103430,'2024-11-11 01:35:57',0),(48,212,309875,'2024-11-11 02:53:36',0),(49,212,309875,'2024-11-11 02:54:30',0),(50,212,150650,'2024-11-11 03:00:59',0),(51,212,269312,'2024-11-11 03:05:49',0),(52,212,422351,'2024-11-11 03:10:39',0),(53,212,422351,'2024-11-11 03:13:34',0),(54,212,495317,'2024-11-14 01:49:38',0),(55,212,383365,'2024-11-14 02:20:42',0),(56,212,24043,'2024-11-14 02:28:35',0),(57,212,728588,'2024-11-14 02:31:30',0),(58,212,728588,'2024-11-14 02:33:22',0),(59,212,728588,'2024-11-14 02:33:27',0),(60,212,713542,'2024-11-14 02:42:19',0),(61,212,713542,'2024-11-14 02:43:09',0),(62,212,713542,'2024-11-14 02:43:10',0),(63,212,713542,'2024-11-14 02:44:51',0),(64,212,589207,'2024-11-14 02:46:33',0),(65,212,544088,'2024-11-14 02:53:10',0),(66,211,544088,'2024-11-14 02:54:41',0),(67,212,120001,'2024-11-14 02:55:59',0),(68,212,120001,'2024-11-14 02:56:07',0),(69,212,120001,'2024-11-14 02:56:33',0),(70,212,373144,'2024-11-14 03:11:14',0),(71,212,714988,'2024-11-14 03:21:48',0),(72,212,714988,'2024-11-14 03:22:20',0),(73,212,985900,'2024-11-14 03:26:39',0),(74,212,985900,'2024-11-14 03:26:40',0),(75,212,708764,'2024-11-14 03:51:53',0),(76,212,708764,'2024-11-14 03:51:54',0),(77,211,708764,'2024-11-14 03:52:12',0),(78,211,708764,'2024-11-14 03:52:13',0),(79,212,755108,'2024-11-15 11:08:27',0);
/*!40000 ALTER TABLE `otp_codes` ENABLE KEYS */;
UNLOCK TABLES;

--
-- Table structure for table `product_categories`
--

DROP TABLE IF EXISTS `product_categories`;
/*!40101 SET @saved_cs_client     = @@character_set_client */;
/*!50503 SET character_set_client = utf8mb4 */;
CREATE TABLE `product_categories` (
  `product_category_id` int(11) NOT NULL AUTO_INCREMENT,
  `product_category_name` varchar(50) NOT NULL,
  PRIMARY KEY (`product_category_id`)
) ENGINE=InnoDB AUTO_INCREMENT=7 DEFAULT CHARSET=utf8mb4 COLLATE=utf8mb4_general_ci;
/*!40101 SET character_set_client = @saved_cs_client */;

--
-- Dumping data for table `product_categories`
--

LOCK TABLES `product_categories` WRITE;
/*!40000 ALTER TABLE `product_categories` DISABLE KEYS */;
INSERT INTO `product_categories` VALUES (1,'面鏡'),(2,'防寒衣'),(3,'蛙鞋'),(4,'套鞋'),(5,'調節器'),(6,'潛水配件');
/*!40000 ALTER TABLE `product_categories` ENABLE KEYS */;
UNLOCK TABLES;

--
-- Table structure for table `product_images`
--

DROP TABLE IF EXISTS `product_images`;
/*!40101 SET @saved_cs_client     = @@character_set_client */;
/*!50503 SET character_set_client = utf8mb4 */;
CREATE TABLE `product_images` (
  `image_id` int(11) NOT NULL AUTO_INCREMENT,
  `product_id` int(11) NOT NULL,
  `img_url` varchar(255) NOT NULL,
  PRIMARY KEY (`image_id`),
  KEY `product_id` (`product_id`),
  CONSTRAINT `product_images_ibfk_1` FOREIGN KEY (`product_id`) REFERENCES `product_list` (`product_id`)
) ENGINE=InnoDB AUTO_INCREMENT=54 DEFAULT CHARSET=utf8mb4 COLLATE=utf8mb4_general_ci;
/*!40101 SET character_set_client = @saved_cs_client */;

--
-- Dumping data for table `product_images`
--

LOCK TABLES `product_images` WRITE;
/*!40000 ALTER TABLE `product_images` DISABLE KEYS */;
INSERT INTO `product_images` VALUES (1,13,'/products/mask/1.webp'),(2,13,'/products/mask/1-1.webp'),(3,13,'/products/mask/1-2.webp'),(4,13,'/products/mask/1-3.webp'),(5,13,'/products/mask/1-4.webp'),(6,14,'/products/mask/2.webp'),(7,14,'/products/mask/2-1.webp'),(8,14,'/products/mask/2-2.webp'),(9,14,'/products/mask/2-3.webp'),(10,14,'/products/mask/2-4.webp'),(11,15,'/products/mask/3.webp'),(12,15,'/products/mask/3-1.webp'),(13,15,'/products/mask/3-2.webp'),(14,15,'/products/mask/3-3.webp'),(15,15,'/products/mask/3-4.webp'),(16,15,'/products/mask/3-5.webp'),(17,16,'/products/mask/4.webp'),(18,16,'/products/mask/4-1.webp'),(19,17,'/products/mask/5.webp'),(20,17,'/products/mask/5-1.webp'),(21,17,'/products/mask/5-2.webp'),(22,18,'/products/mask/6.webp'),(23,19,'/products/wetsuit/1.webp'),(24,20,'/products/wetsuit/2.webp'),(25,21,'/products/wetsuit/3.webp'),(26,22,'/products/wetsuit/4.webp'),(27,23,'/products/wetsuit/5.webp'),(28,24,'/products/wetsuit/6.webp'),(29,25,'/products/fins/1.webp'),(30,26,'/products/fins/2.webp'),(31,27,'/products/fins/3.webp'),(32,28,'/products/fins/4.webp'),(33,29,'/products/fins/5.webp'),(34,30,'/products/fins/6.webp'),(35,31,'/products/boots/1.webp'),(36,32,'/products/boots/2.webp'),(37,33,'/products/boots/3.webp'),(38,34,'/products/boots/4.webp'),(39,35,'/products/boots/5.webp'),(40,36,'/products/boots/6.webp'),(41,37,'/products/regulator/1.webp'),(42,38,'/products/regulator/2.webp'),(43,39,'/products/regulator/3.webp'),(44,40,'/products/regulator/4.webp'),(45,41,'/products/regulator/5.webp'),(46,42,'/products/regulator/6.webp'),(47,43,'/products/accessory/1.webp'),(48,44,'/products/accessory/2.webp'),(49,45,'/products/accessory/3.webp'),(50,46,'/products/accessory/4.webp'),(51,47,'/products/accessory/5.webp'),(52,48,'/products/accessory/6.webp'),(53,49,'/products/accessory/7.webp');
/*!40000 ALTER TABLE `product_images` ENABLE KEYS */;
UNLOCK TABLES;

--
-- Table structure for table `product_list`
--

DROP TABLE IF EXISTS `product_list`;
/*!40101 SET @saved_cs_client     = @@character_set_client */;
/*!50503 SET character_set_client = utf8mb4 */;
CREATE TABLE `product_list` (
  `product_id` int(11) NOT NULL AUTO_INCREMENT,
  `title` varchar(50) NOT NULL,
  `product_category_id` int(11) DEFAULT NULL,
  `description` text NOT NULL,
  `price` int(11) NOT NULL,
  `img_url` varchar(255) NOT NULL,
  `created_time` datetime DEFAULT current_timestamp(),
  PRIMARY KEY (`product_id`),
  KEY `product_category_id` (`product_category_id`),
  CONSTRAINT `product_list_ibfk_1` FOREIGN KEY (`product_category_id`) REFERENCES `product_categories` (`product_category_id`)
) ENGINE=InnoDB AUTO_INCREMENT=50 DEFAULT CHARSET=utf8mb4 COLLATE=utf8mb4_general_ci;
/*!40101 SET character_set_client = @saved_cs_client */;

--
-- Dumping data for table `product_list`
--

LOCK TABLES `product_list` WRITE;
/*!40000 ALTER TABLE `product_list` DISABLE KEYS */;
INSERT INTO `product_list` VALUES (13,'鋼製專業潛水面鏡',1,'單鏡片、低容量的 STEEL PRO 提供廣闊的水下世界視野。非常適合自由潛水或水肺潛水，無框設計既流線又輕巧，柔軟的矽膠鏡裙適合各種臉型。旋轉式搭扣搭配微調式錶帶，可將水密性發揮到極致，而裙邊可非常有效地阻隔深處的光線反射。低容量的設計讓 STEEL PRO 成為適合各種潛水的最佳面鏡。',1400,'/products/mask/1.webp','2024-11-01 15:14:42'),(14,'鬼魅潛水面鏡',1,'單鏡片、低容量的無框架 Ghost 面鏡提供舒適的佩戴感，透過耐用的超清晰鏡片提供極佳的視野，超柔軟的矽膠裙可阻隔光線反射 - 這對攝影師而言是一大優勢。面鏡織帶有按鈕式釋放裝置和易調桿，可輕鬆穿脫和調整長度。靈活的易調式搭扣可讓您調整多種背帶角度，讓您戴得更合身，而且還可將面鏡摺疊平整，方便包裝。',1700,'/products/mask/2.webp','2024-11-01 15:14:42'),(15,'D-面鏡',1,'與全新 D 系列 D420 調節器的設計方案相同，全新 D-Mask 是一款時尚、優質的面鏡，非常適合各種類型的潛水活動。D-Mask受益於SCUBAPRO的第二代Trufit技術。這種設計方法的特色是面鏡裙部靠近面鏡框架的部分採用較厚、較堅固的矽膠，以提供支撐和剛性，而較薄的矽膠則圍繞臉部，以提供舒適性，並確保防水密封性。面鏡採用真彩紫外線防護鏡片，在表面防護與水下清晰度之間取得最佳平衡。它還具有可替換鏡片系統，可選購光學鏡片。D 型面鏡提供舒適的佩戴感和寬闊的視野，有黑色和藍色兩種顏色可供選擇，與 D420 調節器的配色方案相匹配。它有兩種尺寸，可選擇黑色或透明裙邊： 中號和小號，還有只有黑色的寬裙。',3200,'/products/mask/3.webp','2024-11-01 15:14:42'),(16,'Synergy 2 Trufit 潛水面鏡，附綁帶',1,'被稱為市場上最舒適的潛水面鏡，您只需試戴 Synergy 2 Trufit 單鏡片就能感受到它的與眾不同。它的 Trufit 技術設計結合了兩個獨立的矽膠裙 - 纖薄柔軟的內裙提供貼合與舒適，較厚的外裙提供面鏡框附近的支撐。這種創新的雙裙設計使其有別於原來的 Syngery，並經證實可在長時間的水下活動時提供全新等級的舒適度，同時確保幾乎適用於所有臉型的可靠防水密封性。這款低容量的單鏡片面鏡也提供了寬廣無阻的視野，而且搭扣系統使用方便。面鏡外框經過噴漆處理，展現優質外觀。',2500,'/products/mask/4.webp','2024-11-01 15:14:42'),(17,'Zoom 潛水面鏡',1,'Zoom 是一款低容量的雙鏡頭面鏡，適合所有潛水員，但特別適合使用光學鏡片的潛水員。面鏡擁有全新的鏡片更換系統能讓您在一分鐘內自行更換鏡片，不需任何工具。Zoom 配備噴漆副框架，顏色與 Seawing Nova 魚鰭、HYDROS PRO BCDs 以及 UPF 系列的防曬衣、蒸氣衣和緊身衣相搭配，提供通用的貼合度，並採用與 Comfort Strap 相容的整合式搭扣設計。',2800,'/products/mask/5.webp','2024-11-01 15:14:42'),(18,'Crystal Vu Plus 潛水面鏡，附刮水裝置',1,'CRYSTAL VU PLUS 的大型單鏡片設計加上無縫側窗，讓水下視野更廣闊，無色玻璃讓視野更清晰。水晶般透明的雙層密封矽膠裙提供了既舒適又防水的密封性，同時產生一種非常開闊、透氣的感覺，在較暗的水域潛水時尤其舒適。旋轉扣可讓您完美貼合，獨特的塗裝製程讓您在潛水時更有型。',2750,'/products/mask/6.webp','2024-11-01 15:14:42'),(19,'Definition Steamer，男用，3mm',2,'Definition 3mm提供了任何暖水潛水員都會喜歡的保暖性和舒適度。它採用 SCUBAPRO 的 Body Map System 製造，這種製造方法使用 3D 剪裁、特殊剪裁和材料插入，製造出像手套一樣合身的潛水衣，在最需要的地方提供額外的伸展性，並提供絕佳的保暖性、舒適性和耐用性。久經考驗的 N2S (Nylon 2 Sides) 結構，為溫水潛水提供完美的保暖性與舒適度。紅外線羊毛內裡可反射體溫，讓保暖效果更佳，而且貼身舒適。它是任何潛水員的完美保溫保護。',7500,'/products/wetsuit/1.webp','2024-11-01 15:14:42'),(20,'Definition Steamer，女用，3mm',2,'Definition 3mm提供了任何暖水潛水員都會喜歡的保暖性和舒適度。它採用 SCUBAPRO 的 Body Map System 製造，這種製造方法使用 3D 剪裁、特殊剪裁和材料插入，製造出像手套一樣合身的潛水衣，在最需要的地方提供額外的伸展性，並提供絕佳的保暖性、舒適性和耐用性。久經考驗的 N2S (Nylon 2 Sides) 結構，為溫水潛水提供完美的保暖性與舒適度。紅外線羊毛內裡可反射體溫，讓保暖效果更佳，而且貼身舒適。它是任何潛水員的完美保溫保護。',7500,'/products/wetsuit/2.webp','2024-11-01 15:14:42'),(21,'Sport Steamer，女用，3mm',2,'Sport 潛水衣系列新增了這款超舒適的 3mm 蒸氣潛水衣。Sport 3mm專為喜歡中度至淺度溫水潛水的新潛水員、休閒潛水員和首次購買潛水衣的潛水員所設計，採用極為柔軟而有彈性的氯丁橡膠製成，並採用三項鐵人剪裁。Sport 3mm 採用非常柔軟且具彈性的氯丁橡膠製成，並採用三項鐵人剪裁，讓肩膀和手臂區域有更大的活動範圍，提供在船上和水中最大的活動自由度。這款潛水衣的特色是平縫線、垂直後拉鍊和舒適的毛絨內腕。它易於穿脫，就像第二層肌膚一樣合身，而且看起來很棒。',8200,'/products/wetsuit/3.webp','2024-11-01 15:14:42'),(22,'Oneflex Steamer，男用，7mm',2,'Oneflex 賽服的設計風格簡單直接，採用三項鐵人剪裁，讓肩膀和手臂區域的活動範圍更大。此外，Oneflex 賽服採用 Pure Design 概念，使用較少的接縫和面板以達到最大的彈性，其雙面聚酯襯裡超耐用且具彈性且舒適。手臂和腋下增加了外部彈性布料，使潛水衣更容易穿脫，同時增加了舒適度和活動自由度，這些設計元素深受初學潛水者的喜愛。對角線的後YKK拉鍊設計是大多數潛水員所熟悉且容易使用的。',9500,'/products/wetsuit/4.webp','2024-11-01 15:14:42'),(23,'Everflex YULEX® Dive 長袖潛水上衣，男用，3mm',2,'這款3mm長袖上衣可搭配3mm褲子，作為Everflex YULEX® 3/2mm蒸氣褲外的另一種選擇。此款上衣採用純粹設計概念，使用較少的接縫與面板，以達到最大的舒適度與活動範圍，接縫採用盲縫技術，並搭配黑色彈性聚酯外裡襯。超彈性的前方垂直拉鍊設計，腕部袖口則採用保險絲剪裁，超彈性的袖口設計讓穿著更輕鬆。上衣提供耐磨布料，肩部有額外的印花襯墊，可防止 BCD 的磨損。',11200,'/products/wetsuit/5.webp','2024-11-01 15:14:43'),(24,'Hybrid Cargo 短褲，男用，1mm',2,'Hybrid Cargo Shorts \"提供了 Hybrid Cargo Pants 的所有功能，在短款設計中保持了功能性。合身的 Hybrid Cargo Shorts 採用高品質的 1mm X-Foam 氯丁橡膠和彈性尼龍製成。在內裡，微長絨襯裡讓短褲更加溫暖舒適。這種毛絨襯裡吸水率較低，可增加整體保暖性，而且乾得快。Hybrid Cargo Shorts 配備大型鉤環口袋，口袋內有繩索和 D 形環，還有快速排水的大孔眼和額外的拉鍊口袋，可存放小件貴重物品。短褲配有可調整腰帶，腰帶穿過一系列腰帶環並包括一個易於使用的男性/女性擠壓扣開合。座板上的抗磨損織物提高了耐用性。Hybrid Cargo Shorts 既可單獨穿著，也可套在潛水衣外，是享受水上樂趣的最佳選擇。',3800,'/products/wetsuit/6.webp','2024-11-01 15:14:43'),(25,'Jet 蛙鞋，附彈簧腳跟帶\n',3,'SCUBAPRO的JET FIN是著名的。這種獨特的鰭片設計在 50 年前首次推出時，就為其動力和耐用性樹立了標準。其耐用的橡膠結構和強壯的外形至今仍可在潛水船、研究船和世界上最偏遠的潛水地點看到。科技潛水員、深海潛水員、軍事潛水員、商業潛水員和潛水教練，以及老派的休閒潛水員，在下水前仍會繫上一對 JET FINS。仿造品眾多，但 JET FIN 只有一個。',4200,'/products/fins/1.webp','2024-11-01 15:14:43'),(26,'GO Sport 蛙鞋\n',3,'SCUBAPRO的GO Sport魚鰭採用 」靴型 「設計，讓穿著靴子的潛水員在冷水中或在岩石嶙峋的岸上潛水時，也能受惠於原來獲得測試者之選獎項的 」裸型 \"GO魚鰭所具備的踢水性能。此款蛙鞋重量輕，但幾乎堅不可摧，在水中表現快速靈活。鰭片在原來的基礎上做了輕微的修改；它現在提供了安裝點來安裝可減少側滑、最大化穩定性的鰭腳。可自行調節的彈性腳跟帶可提供多樣化的配戴方式。這條綁帶也讓穿脫更加容易。GO Sport 的設計可放入符合 IATA 規範的隨身行李中，無論是旅行或在當地潛水，都是一款絕佳的蛙鞋。',3200,'/products/fins/2.webp','2024-11-01 15:14:43'),(27,'橡膠蛙鞋',3,'經典的 SCUBAPRO 蛙鞋，適用於潛水和浮潛。全橡膠材質的結構提供最大的耐用性，開趾、全腳管的設計提供極佳的舒適性，同時為熱帶水上運動提供穩固的踢水性能。有多種尺寸可供選擇。',1800,'/products/fins/3.webp','2024-11-01 15:14:43'),(28,'Jet Club 蛙鞋，全腳型\n',3,'Jet Club 魚鰭是一款性能優異的輕量全足式魚鰭。符合人體工學的腳袋讓您享受非凡的舒適感，並有助於提高鰭片的整體效率。透氣設計和三種材質結構有助於最大化操控性，並將腿部勞損降至最低。',3850,'/products/fins/4.webp','2024-11-01 15:14:43'),(29,'Jet Sport 蛙鞋，全腳型\n',3,'JET SPORT FULL FOOT 擁有輕巧的重量，卻能提供強大的推進力和優異的操控性，而且光腳踩上去感覺非常舒適。其略硬的葉片採用三材質設計，包括一對以半硬塑膠製成的軟橡膠面板，以及兩側的薄側軌，可產生恰到好處的彎曲度。球板與腳袋之間還有減阻通氣孔，可減少上下衝程時的阻力。這樣的組合能產生推進的踢球力量，提供良好的穩定性，並能有效率地進行蛙式和海豚式踢球。橡膠全腳袋可舒適地貼合您的腳部，防滑花紋在潮濕的甲板上也很有效。是在熱帶地區釣魚的最佳選擇。',3700,'/products/fins/5.webp','2024-11-01 15:14:43'),(30,'Dolphin 蛙鞋',3,'這款多功能蛙鞋採用開放式鞋跟設計，適合喜歡穿氯丁橡膠靴的浮潛者。然而，它的腳袋非常柔軟且具有支撐性，您可以輕鬆地赤腳使用',1600,'/products/fins/6.webp','2024-11-01 15:14:43'),(31,'Delta 短筒套鞋，3mm',4,'超舒適的 DELTA 3mm SHORT BOOT 專為熱帶潛水和浮潛而設計。低帮、轻便，恰到好处的保护，无需拉链即可穿脱。它是使用可調式蛙鞋在溫水中潛水的完美鞋款。',1950,'/products/boots/1.webp','2024-11-01 15:14:43'),(32,'Delta 套鞋，5mm',4,'Delta 5mm潛水靴備受歡迎，於2019年更新，維持其堅固但有彈性的外底和橡膠保護裝甲，但穿在腳上仍感覺非常輕盈。經修訂的腳踝直徑和新的輪廓頂部改善了合腳性，並使 YKK 拉鍊的上下滑動更加容易。全剪裁設計創造出舒適、不抽筋的貼合感，即使是寬腳型的人也能輕鬆穿著。腳掌上方的加固設計既能提供緩衝，又能保護腳掌抵擋鰭袋的邊緣。靴子的防滑胎面不會留下痕跡，船主總是很欣賞這項功能。提供強大的保護與舒適性，下次當您潛入冷水或穿過岩石海岸線時，您會很高興穿上 Deltas。',2150,'/products/boots/2.webp','2024-11-01 15:14:43'),(33,'Hybrid Sock，2.5mm',4,'新款 Hybrid 襪子由柔軟的 2.5mm 氯丁橡膠製成，織紋鞋底可在潮濕的船甲板上行走時提供一點防滑保護。100% 高彈性 Everflex 尼龍外層和毛絨內襯提供保暖和舒適，您可以將 Hybrid 襪子穿在潛水靴內增加保暖性，也可以當作全套腳蹼的內襯，或是單獨穿著在寒冷的船甲板上走動。無論您選擇哪一種，您的雙腳都會愛上您。',1200,'/products/boots/3.webp','2024-11-01 15:14:43'),(34,'Heavy-Duty 套鞋，6.5mm\n',4,'如果您曾經腳冷，或是在前往海灘的途中被尖銳的石頭絆倒，您一定會喜歡 HEAVY-DUTY 6.5mm 潛水靴。HEAVY-DUTY 6.5mm 是為了應付嚴苛的環境而打造，鞋頭和鞋跟都經過強化處理，鞋底則採用厚實的模壓橡膠材質，既耐用又舒適，是冷水和惡劣環境下的理想潛水靴。Diamond Span 內裡可提升舒適度與保暖性。',1800,'/products/boots/4.webp','2024-11-01 15:14:43'),(35,'Everflex拱形套鞋，5mm',4,'Everflex Arch Boot 可能是您穿過最舒適的潛水靴。採用創新的足弓設計，緊貼腳部的自然解剖結構，靴子的腳袋剪裁寬大，即使是寬腳型的人也不會感到侷促。靴子的大部分區域都提供 5mm 的熱保護，但在腳踝上方區域的氯丁橡膠則較薄，以避免與潛水衣腿部重疊的部分變得臃腫。Diamond Span 內裡超舒適，乾得也快。',3200,'/products/boots/5.webp','2024-11-01 15:14:43'),(36,'基本款套鞋，4mm',4,'4mm Base boot 是專為溫帶水域潛水和租賃市場打造的經濟耐用型靴子。全新設計的輕量橡膠鞋底既耐用又有彈性，同時提供有效的防滑效果。鞋頭和鞋跟蓋的橡膠護甲提供了大量的保護，同時又不犧牲舒適度。全新的標誌設計，以顏色區分尺寸，是潛水作業和租賃應用的理想選擇。',890,'/products/boots/6.webp','2024-11-01 15:14:43'),(37,'MK11 EVO/C370 潛水調節器',5,'MK11 EVO/C370 是一款小巧、可靠的送氣系統，無論您旅行到哪裡，它都能為您帶來潛水樂趣。新型平衡膜片 MK11 EVO 採用創新的雙彈簧布局，鍛造的黃銅機身配有隔熱鰭片和保護性塑料防撞墊，可防止刮傷。小巧的 C370 提供方便的使用者控制功能，包括可由潛水員調整的吸氣力度旋鈕、同軸潛水/預潛水控制桿，以及容易啟動的大型吹氣按鈕。',22400,'/products/regulator/1.webp','2024-11-01 15:14:43'),(38,'MK25 EVO/S620Ti 潛水調節器，60 週年紀念版',5,'SCUBAPRO慶祝其作為潛水行業創新者60週年，推出了標誌性的限量版調節器--MK25 EVO/S620 Ti Carbon BT。MK25 EVO的第一階段採用特殊的Black Tech、DLC塗層，提供光亮的深黑色表面，具有更高的耐刮傷和抗氧化性。保護性端蓋包括一個獨特的紅色「60 Year Anniversary」字樣。從補償腔孔中可以看到的彈簧也採用了相同的紅色。S620 Ti Carbon BT 二級調節器的特色在於鈦金屬發條管與旋鈕環及發條管螺帽，前蓋上裝有手工製作的碳纖維零件，外殼上的紅色「60 Year Anniversary」字樣與一級調節器上的紅色點綴相呼應。這款特別限量版的調整器裝在一個FSC認證的木盒中，木盒上刻有SCUBAPRO和60週年紀念的標誌。黑色陽極鐳射雕刻鋁製標籤上印有與調整器相匹配的漸進式序號，突顯了這款限量版調整器對收藏家的獨特性。',72000,'/products/regulator/2.webp','2024-11-01 15:14:43'),(39,'MK2 EVO/R105 潛水調節器',5,'MK2 EVO/R105 是出租、潛水學校或尋求基本備用呼吸系統的潛水員的首選調節系統。它提供平穩可靠的空氣輸送，而且經久耐用。R105 與 SCUBAPRO 經典的 MK2 EVO 搭配使用，MK2 EVO 是唯一一款下游活塞式第一級調壓器，其內部元件經過特別設計，可在極度寒冷的水域條件下抗凍。',15700,'/products/regulator/3.webp','2024-11-01 15:14:43'),(40,'R105 Octopus',5,'R105 Octopus 採用經典的順流設計，配備潛水/預潛水 VIVA 開關和可翻轉軟管附件，提供可靠的呼吸性能。',8100,'/products/regulator/4.webp','2024-11-01 15:14:43'),(41,'MK25 Evo BT/G260 碳纖維潛水調節器',5,'MK25 EVO BT/G260 Carbon BT 調節器系統是我們廣受歡迎的 G260 技術潛水系統的升級版，採用碳纖維外殼和 Black Tech 表面處理，具有更高的耐用性。平衡活塞式 MK25 EVO BT 具備優異的抗凍能力、絕佳的吸入靈敏度，並可依需求即時送氣。G260 Carbon BT 配備大型隔膜、內部金屬組件和高流量排氣閥，可提供絕佳的呼吸靈敏度和抗凍性。',42600,'/products/regulator/5.webp','2024-11-01 15:14:43'),(42,'MK19 Evo/A700 潛水調節器',5,'MK19 EVO / A700 採用了我們非凡的呼吸式 A700，並搭配環境密封的 MK19 EVO 第一級，其內部機構具有極強的抗凍和抗污能力。MK19 EVO 提供配備雙彈簧的乾式環境壓力腔，以達到最佳可靠性，而 LP 端口旋轉轉塔則可最大化軟管路由選擇。肌肉感十足的 A700 配備精密手工打造的全金屬外殼、前蓋和閥門外殼，提供同級產品中最佳的呼吸效能，包括毫不費力的吸氣和無與倫比的輕易呼氣。',35200,'/products/regulator/6.webp','2024-11-01 15:14:43'),(43,'Nova 850 Tec',6,'Nova 850 Tec 是一款堅固耐用的單模潛水燈，可提供強烈的 850 流明照明，光束集中，是照亮沉船暗室和深水珊瑚礁隱蔽縫隙的理想之選。這款堅固耐用的單模式潛水燈可提供強烈的 850 流明照明，光束集中，非常適合照亮沉船中的黑暗隔間和深水珊瑚礁中的隱蔽縫隙。此燈由重型鋁合金製成，重量輕且堅固耐用。它也很容易使用，只需簡單的扭開/扭關即可啟動。該燈附有一個方便的連接點，可連接栓扣（通常是一條短的洞穴繩），因此在不使用時，可將其牢固地夾在 D 形環上。無論是在夜間潛水還是白天潛水，如果潛水員需要簡單而嚴謹的水下照明，Nova 850 Tec 都是您明智的選擇。',5100,'/products/accessory/1.webp','2024-11-01 15:14:43'),(44,'潛水面鏡帶，2.5mm',6,'戴上氯丁橡膠背帶的面鏡，享受潛水的樂趣。這些背帶使用方便，而且非常舒適。',250,'/products/accessory/2.webp','2024-11-01 15:14:43'),(45,'HYDROS PRO 大腿雜物袋\n',6,'當您的 HYDROS PRO 配備了大腿儲物袋，就能提供大量容易拿取的貨物攜帶空間。',300,'/products/accessory/3.webp','2024-11-01 15:14:43'),(46,'迷你卷軸，100 英尺',6,'這款方便的手指捲軸非常適合輕負荷的潛水工作。重量輕、超小巧，可輕鬆放入 BCD 口袋。',200,'/products/accessory/4.webp','2024-11-01 15:14:43'),(47,'S-Tek 雙頭螺栓卡扣',6,'SCUBAPRO的S-Tek不銹鋼螺栓卡扣帶有鐳射蝕刻標誌，是將裝備夾在潛水安全帶和固定舞台水箱的完美選擇。',170,'/products/accessory/5.webp','2024-11-01 15:14:43'),(48,'潛水清潔油，30cc',6,'使用SCUBAPRO的100%有機SCUBA CLEAR防霧凝膠，以健康的方式保持您的面罩鏡片清澈無霧。只需輕輕一抹，一瓶就能讓您的鏡片使用多次。SCUBA CLEAR 的生物配方不含甲醛，不會刺激眼睛或皮膚，也不會對環境造成傷害。',80,'/products/accessory/6.webp','2024-11-01 15:14:43'),(49,'Mako 鈦合金潛水刀，3.5 吋',6,'MAKO TITANIUM 輕巧的刀身讓您不覺得它的存在，但它的鈦合金刀刃卻有著令人難以置信的強韌度、防鏽性以及可保持銳利刀刃的硬度。MAKO TITANIUM 提供多功能刃口，包括鋸齒刃口可鋸斷繩索、常規刃口可切出乾淨的切口、切線缺口和開瓶器。Tanto 刀尖具有一定的角度，是目前最堅固的刀尖之一。刀柄提供充足的握持區域以及拇指護板，以防止刀子滑落。附有鎖緊式刀鞘。這是一款出色的耐腐蝕、免維護的通用潛水刀。',2700,'/products/accessory/7.webp','2024-11-01 15:14:43');
/*!40000 ALTER TABLE `product_list` ENABLE KEYS */;
UNLOCK TABLES;

--
-- Table structure for table `product_variants`
--

DROP TABLE IF EXISTS `product_variants`;
/*!40101 SET @saved_cs_client     = @@character_set_client */;
/*!50503 SET character_set_client = utf8mb4 */;
CREATE TABLE `product_variants` (
  `product_variant_id` int(11) NOT NULL AUTO_INCREMENT,
  `product_id` int(11) NOT NULL,
  `size` varchar(50) NOT NULL,
  `color` varchar(50) NOT NULL,
  `stock` int(11) NOT NULL,
  PRIMARY KEY (`product_variant_id`),
  KEY `product_id` (`product_id`),
  CONSTRAINT `product_variants_ibfk_1` FOREIGN KEY (`product_id`) REFERENCES `product_list` (`product_id`)
) ENGINE=InnoDB AUTO_INCREMENT=102 DEFAULT CHARSET=utf8mb4 COLLATE=utf8mb4_general_ci;
/*!40101 SET character_set_client = @saved_cs_client */;

--
-- Dumping data for table `product_variants`
--

LOCK TABLES `product_variants` WRITE;
/*!40000 ALTER TABLE `product_variants` DISABLE KEYS */;
INSERT INTO `product_variants` VALUES (1,13,'S','藍色',10),(2,13,'M','藍色',10),(3,13,'L','黑色',20),(4,14,'S','紅色',5),(5,14,'M','綠色',10),(6,14,'L','藍色',3),(7,14,'S','黃色',7),(8,14,'M','黑色',12),(9,15,'S','ONE COLOR',4),(10,15,'M','ONE COLOR',6),(11,15,'L','ONE COLOR',0),(13,16,'S','灰色',8),(14,16,'M','紅色',15),(15,16,'L','藍色',2),(16,17,'S','綠色',10),(17,17,'M','紫色',3),(18,17,'L','黑色',11),(19,18,'S','黃色',5),(20,18,'M','橙色',0),(21,18,'L','白色',7),(22,18,'S','粉色',12),(23,18,'M','灰色',4),(24,19,'ONE SIZE','ONE COLOR',12),(25,20,'S','紅色',10),(26,20,'M','紅色',10),(27,20,'L','紅色',5),(28,20,'XL','紅色',3),(29,21,'S','藍色',7),(30,21,'M','黑色',4),(31,21,'L','黃色',2),(32,21,'XL','白色',6),(33,22,'ONE SIZE','藍色',8),(34,22,'ONE SIZE','黑色',5),(35,23,'S','白色',6),(36,23,'M','藍色',2),(37,23,'L','黑色',4),(38,24,'ONE SIZE','ONE COLOR',9),(39,25,'S','藍色',10),(40,25,'M','黃色',5),(41,25,'L','黑色',3),(42,25,'XL','白色',7),(43,26,'ONE SIZE','藍色',12),(44,26,'ONE SIZE','黑色',8),(45,27,'S','白色',6),(46,27,'M','藍色',4),(47,27,'L','黃色',2),(48,28,'S','黑色',9),(49,28,'M','白色',5),(50,28,'L','藍色',3),(51,28,'XL','黃色',1),(52,29,'ONE SIZE','ONE COLOR',11),(53,30,'S','藍色',8),(54,30,'M','黑色',6),(55,30,'L','黃色',4),(56,31,'ONE SIZE','藍色',10),(57,31,'ONE SIZE','黑色',5),(58,32,'S','白色',8),(59,32,'M','黃色',4),(60,32,'L','藍色',6),(61,32,'XL','黑色',3),(62,33,'S','黑色',7),(63,33,'M','白色',5),(64,33,'L','藍色',2),(65,34,'ONE SIZE','黃色',12),(66,35,'S','藍色',6),(67,35,'M','黑色',3),(68,35,'L','白色',9),(69,35,'XL','黃色',1),(70,36,'ONE SIZE','ONE COLOR',8),(71,37,'ONE SIZE','ONE COLOR',15),(72,38,'ONE SIZE','ONE COLOR',10),(73,39,'ONE SIZE','ONE COLOR',12),(74,40,'ONE SIZE','ONE COLOR',8),(75,41,'ONE SIZE','ONE COLOR',14),(76,42,'ONE SIZE','ONE COLOR',11),(77,43,'ONE SIZE','ONE COLOR',9),(78,44,'ONE SIZE','ONE COLOR',13),(79,45,'ONE SIZE','ONE COLOR',7),(80,46,'ONE SIZE','ONE COLOR',15),(81,47,'ONE SIZE','ONE COLOR',11),(82,48,'ONE SIZE','ONE COLOR',5),(83,49,'ONE SIZE','ONE COLOR',12),(84,13,'S','黑色',0),(85,13,'S','白色',10),(86,13,'S','黃色',10),(87,13,'M','黑色',5),(88,13,'M','白色',10),(89,13,'M','黃色',10),(90,13,'L','藍色',5),(91,13,'L','白色',10),(92,13,'L','黃色',10),(93,14,'S','黑色',0),(94,14,'S','白色',10),(95,14,'S','綠色',0),(96,14,'M','黑色',0),(97,14,'M','白色',0),(98,14,'M','黃色',10),(99,14,'L','黑色',0),(100,14,'L','白色',10),(101,14,'L','綠色',0);
/*!40000 ALTER TABLE `product_variants` ENABLE KEYS */;
UNLOCK TABLES;

--
-- Table structure for table `site_favorite`
--

DROP TABLE IF EXISTS `site_favorite`;
/*!40101 SET @saved_cs_client     = @@character_set_client */;
/*!50503 SET character_set_client = utf8mb4 */;
CREATE TABLE `site_favorite` (
  `favorite_id` int(11) NOT NULL AUTO_INCREMENT,
  `site_id` int(11) NOT NULL,
  `user_id` int(11) NOT NULL,
  PRIMARY KEY (`favorite_id`),
  KEY `site_id` (`site_id`),
  KEY `user_id` (`user_id`)
) ENGINE=InnoDB DEFAULT CHARSET=utf8mb4 COLLATE=utf8mb4_general_ci;
/*!40101 SET character_set_client = @saved_cs_client */;

--
-- Dumping data for table `site_favorite`
--

LOCK TABLES `site_favorite` WRITE;
/*!40000 ALTER TABLE `site_favorite` DISABLE KEYS */;
/*!40000 ALTER TABLE `site_favorite` ENABLE KEYS */;
UNLOCK TABLES;

--
-- Table structure for table `site_img`
--

DROP TABLE IF EXISTS `site_img`;
/*!40101 SET @saved_cs_client     = @@character_set_client */;
/*!50503 SET character_set_client = utf8mb4 */;
CREATE TABLE `site_img` (
  `img_id` int(11) NOT NULL AUTO_INCREMENT,
  `site_id` int(11) NOT NULL,
  `img_url` varchar(255) NOT NULL,
  `site_intro` varchar(500) DEFAULT NULL,
  `img_main` tinyint(1) NOT NULL,
  `create_at` datetime NOT NULL DEFAULT current_timestamp(),
  PRIMARY KEY (`img_id`),
  KEY `site_id` (`site_id`)
) ENGINE=InnoDB AUTO_INCREMENT=73 DEFAULT CHARSET=utf8mb4 COLLATE=utf8mb4_general_ci;
/*!40101 SET character_set_client = @saved_cs_client */;

--
-- Dumping data for table `site_img`
--

LOCK TABLES `site_img` WRITE;
/*!40000 ALTER TABLE `site_img` DISABLE KEYS */;
INSERT INTO `site_img` VALUES (1,1,'green004.jpg','三塊石是綠島最受歡迎的潛點之一，以其獨特的地形和生態系統而著稱。潛入水中，首先看到的是三塊巨石並排而立，像是大海中的天然屏障，形成一片絕佳的觀察區域。',0,'2024-11-17 16:23:09'),(2,1,'green005.jpg','這裡的水深約在 10 至 30 米之間，能見度通常很好，常見各種熱帶魚群在岩石周圍游動。珊瑚覆蓋在石頭表面，為多樣化的生物提供棲息地。偶爾還能發現隱藏的海鰻和裸鰓類。',1,'2024-11-17 16:23:09'),(3,1,'green006.jpg','三塊石的水流相對平穩，適合不同等級的潛水者。除了壯麗的岩石景觀，這裡還是一個適合拍攝水下風景的地方，吸引著無數愛好水攝的潛水者。',0,'2024-11-17 16:23:09'),(4,2,'green007.jpg','仙人疊石以層層堆疊的巨岩聞名，宛如一座大自然的海底雕塑。潛入水中，那些錯落有致的岩石像是仙人巧手打造的藝術品，讓人驚嘆不已。',0,'2024-11-17 16:23:09'),(5,2,'green008.jpg','這裡的水深範圍在 10 至 20 米，適合初中級潛水者。除了壯觀的岩石地形，這裡的水域還孕育了多樣的海洋生態，包括小丑魚、石斑魚以及豐富的珊瑚種類。',0,'2024-11-17 16:23:09'),(6,2,'green009.jpg','仙人疊石的特殊地形提供了豐富的探險感，裂縫和洞穴裡隱藏著各種驚喜。這裡的寧靜氛圍與自然美景讓每位潛水者都流連忘返。',1,'2024-11-17 16:23:09'),(7,3,'green010.jpg','教堂潛點因其壯麗的拱形岩洞而得名，遠遠看去宛如一座海底教堂，給人一種神聖的感覺。潛水的過程中，光線透過洞口映入水中，場景美得如同夢境。',0,'2024-11-17 16:23:09'),(8,3,'green011.jpg','這裡的水深約為 15 至 25 米，適合有一定經驗的潛水者。洞內常見蝦蟹等小型生物，洞外則有各種熱帶魚群穿梭，讓人目不暇給。',1,'2024-11-17 16:23:09'),(9,3,'green012.jpg','教堂的獨特地形和光影效果非常適合進行水攝，也是綠島的潛水亮點之一。在這裡探索，讓人感受到大自然的力量與美好。',0,'2024-11-17 16:23:09'),(10,4,'green013.jpg','獨立礁是一座孤立於海底的巨大岩石，像是大海中的守護者，為周圍的生態系統提供了遮風擋浪的保護。潛水時，能見到這塊巨石的壯麗全貌，令人震撼。',1,'2024-11-17 16:23:09'),(11,4,'green014.jpg','這裡的水深約 20 至 30 米，水流有時較強，適合較有經驗的潛水者。岩石表面布滿了軟珊瑚，還有海鰻和裸鰓類在其中出沒，生態豐富多樣。',0,'2024-11-17 16:23:09'),(12,4,'green015.jpg','獨立礁不僅是一個觀察生物的好地方，也是挑戰潛水技巧的絕佳地點。每次在這裡潛水，都能感受到它的孤寂與壯麗。',0,'2024-11-17 16:23:09'),(13,5,'green016.jpg','大白沙是綠島一個風景如畫的潛點，以其細膩的白沙和清澈的水質而聞名。潛水時，沙地如同一片寧靜的水底平原，讓人心情無比放鬆。',1,'2024-11-17 16:23:09'),(14,5,'green017.jpg','這裡的水深約 5 至 15 米，能見度極高，非常適合初學者和喜歡慢潛的潛水者。在沙地上，可以看到擬態高手，如比目魚和管蟲，有時還會遇到悠游的海龜。',0,'2024-11-17 16:23:09'),(15,5,'green018.jpg','大白沙的簡單純粹讓人感受到潛水的本質之美，是適合初學者探索和與自然接觸的理想地點，也是回歸初心的好選擇。',0,'2024-11-17 16:23:09'),(16,6,'green001.jpg','鋼鐵礁因其如鋼鐵般堅硬的岩壁而得名，壯觀的火山地形成為這裡最大的特色。潛水時，可以感受到岩壁帶來的震撼力量，彷彿置身於海底的壯麗畫卷中。',0,'2024-11-17 16:23:09'),(17,6,'green002.jpg','這裡的水深約 10 至 30 米，水流可能較強，適合有經驗的潛水者。岩壁上覆滿了軟硬珊瑚，吸引了大量魚群棲息，常見石斑魚、魟魚等大中型魚類在此出沒。',1,'2024-11-17 16:23:09'),(18,6,'green003.jpg','鋼鐵礁不僅提供了豐富的生態觀察，也是一個挑戰技巧的地方。它的獨特地形和壯麗景觀，讓每位潛水者都會流連忘返，是一次充滿挑戰與驚喜的深海探險。',0,'2024-11-17 16:23:09'),(19,18,'orchid004.jpg','玉女岩外礁以壯麗的珊瑚景觀與清澈的水質聞名，是潛水愛好者不可錯過的蘭嶼經典潛點之一。潛入水中，映入眼簾的是覆蓋著各種色彩繽紛珊瑚的岩壁，為魚群提供了豐富的棲息地，宛如一幅動態的海底畫卷。',0,'2024-11-17 16:36:10'),(20,18,'orchid005.jpg','這裡的水深範圍大約在 10 至 25 米，適合中級及以上潛水者。偶爾可以發現優雅游過的蝠鱝或躲藏於珊瑚中的海鰻。這片區域的能見度極高，讓潛水者能輕鬆觀察到各種海洋生物的細節。',0,'2024-11-17 16:36:10'),(21,18,'orchid006.jpg','玉女岩外礁以其靜謐的氛圍與壯麗的自然景觀吸引著潛水者。無論是初次探訪還是重遊舊地，每次潛水都會帶來新的發現與驚喜，是心靈沉靜與感官享受的完美結合。',1,'2024-11-17 16:36:10'),(22,19,'orchid007.jpg','母雞岩外礁以其奇特的地形與豐富的海洋生態而聞名，因形狀酷似母雞而得名。下潛後，潛水者可以看到延綿的礁岩地形，像是大自然雕琢出的藝術品，壯觀而震撼。',0,'2024-11-17 16:36:10'),(23,19,'orchid008.jpg','這裡的水深範圍在 8 至 20 米之間，適合不同等級的潛水者探索。魚群常聚集在岩石周圍，形成一道活躍的生態長廊，石斑魚、雀鯛和其他熱帶魚類是常見的居民。',0,'2024-11-17 16:36:10'),(24,19,'orchid009.jpg','母雞岩外礁的獨特魅力在於其多樣化的地形和生態系統。不論是漫遊於珊瑚叢中，還是欣賞魚群的穿梭，都能感受到蘭嶼海域的美好與神秘。',1,'2024-11-17 16:36:10'),(25,20,'orchid010.jpg','雙獅岩以兩塊相鄰的大型岩石命名，遠遠望去彷彿兩頭雄獅守護著海域。這裡是蘭嶼最具代表性的潛點之一，以其壯觀的地形與生態系統深受潛水者喜愛。',0,'2024-11-17 16:36:10'),(26,20,'orchid011.jpg','這個地點的水深約為 10 至 25 米，適合有一定經驗的潛水者。潛入後，可以欣賞到珊瑚覆蓋的岩石，以及豐富的魚群，包括魟魚、海鰻和偶爾出現的海龜。',1,'2024-11-17 16:36:10'),(27,20,'orchid012.jpg','雙獅岩的特殊地形不僅是海洋生物的庇護所，也為潛水者提供了絕佳的水下攝影機會。每次探索雙獅岩，總能帶回滿滿的驚喜與感動。',0,'2024-11-17 16:36:10'),(28,21,'orchid013.jpg','雙獅外礁左側以其較為平穩的水流與豐富的生態景觀成為潛水者的首選之一。這裡的地形變化多樣，潛水者能欣賞到連綿的礁岩與茂密的軟珊瑚。',1,'2024-11-17 16:36:10'),(29,21,'orchid014.jpg','這片區域的水深範圍大約在 8 至 20 米，適合不同等級的潛水者。魚群如彩帶般圍繞著岩石，包括小丑魚、石斑魚以及其他熱帶魚類。',0,'2024-11-17 16:36:10'),(30,21,'orchid015.jpg','雙獅外礁左的寧靜與美麗吸引了許多喜愛慢潛的潛水者。這裡不僅是一個放鬆身心的地方，也是探索自然之美與發現驚喜的絕佳潛點。',0,'2024-11-17 16:36:10'),(31,22,'orchid016.jpg','雙獅外礁右側以其稍具挑戰性的水流與壯觀的地形聞名，是適合進階潛水者挑戰的地方。礁岩上覆蓋著各種形狀的硬珊瑚，為這片區域增添了幾分神秘。',1,'2024-11-17 16:36:10'),(32,22,'orchid017.jpg','這裡的水深範圍在 15 至 30 米之間，潛水者可以發現許多大型魚類，如魟魚、海鰻，甚至偶爾有白鰭鯊游過。',0,'2024-11-17 16:36:10'),(33,22,'orchid018.jpg','雙獅外礁右不僅是挑戰技巧的絕佳地點，還是一個體驗蘭嶼水下魅力的必遊之地。每次下潛，總能感受到大自然的無限驚奇與震撼。',0,'2024-11-17 16:36:10'),(34,23,'orchid001.jpg','軍艦岩以其外形酷似軍艦的巨大岩石而得名，充滿了歷史與自然的厚重感。這裡的地形壯麗非凡，像是大自然精心雕刻的傑作，是蘭嶼最受歡迎的潛水景點之一。',0,'2024-11-17 16:36:10'),(35,23,'orchid002.jpg','潛水深度範圍約在 12 至 25 米之間，適合有經驗的潛水者。岩壁上覆滿了軟硬珊瑚，吸引了大量的魚群棲息，常見魟魚、石斑魚和其他大型魚類悠游其中。',1,'2024-11-17 16:36:10'),(36,23,'orchid003.jpg','軍艦岩的地形與生態完美結合，為潛水者提供了無限的探索機會。無論是觀察豐富的海洋生物，還是欣賞壯觀的水下景色，都能在這裡找到屬於自己的潛水記憶。',0,'2024-11-17 16:36:10'),(37,37,'liuqiu004.jpg','花瓶岩是小琉球的地標之一，以其形似花瓶的岩石命名。這個潛點的特色在於清澈的海水和豐富的珊瑚生態，適合初學者和喜愛輕鬆潛水的潛水者。花瓶岩下方的沙地上，有各種熱帶魚悠遊其間，讓人感受到大自然的美妙。',0,'2024-11-17 16:52:37'),(38,37,'liuqiu005.jpg','這片海域的水深範圍約在 5 至 15 米之間，能見度通常非常好。沿著岩石邊緣下潛，可以欣賞到色彩繽紛的軟珊瑚和偶爾出現的海鰻。這裡的環境相對平穩，是一個放鬆探索的好地方。',0,'2024-11-17 16:52:37'),(39,37,'liuqiu006.jpg','除了珊瑚景觀，花瓶岩也是海洋攝影愛好者的熱門地點。獨特的岩石地形與繽紛的生態相結合，每次潛水都能捕捉到驚艷的水下畫面，讓人流連忘返。',1,'2024-11-17 16:52:37'),(40,38,'liuqiu007.jpg','中澳沙灘以其細緻的白沙和淺灘的自然美景著稱，是小琉球最適合放鬆和浮潛的地方之一。這裡的水質清澈，海底平坦，經常可以看到小丑魚在海葵中穿梭，景色非常迷人。',0,'2024-11-17 16:52:37'),(41,38,'liuqiu008.jpg','水深範圍在 3 至 10 米之間，非常適合初學者和親子潛水活動。沿著沙灘邊緣潛水，可以發現各種有趣的小型生物，如螃蟹和海星，為水下之旅增添驚喜。',0,'2024-11-17 16:52:37'),(42,38,'liuqiu009.jpg','中澳沙灘的寧靜氣氛讓人感到放鬆，是享受慢潛的理想地點。不論是探索沙地生態還是欣賞海岸景色，這裡都能讓潛水者忘卻煩憂，沉浸於大自然的懷抱。',1,'2024-11-17 16:52:37'),(43,39,'liuqiu010.jpg','小琉球的軟珊瑚區被譽為水下的「花園」，這裡擁有豐富的軟珊瑚景觀，是潛水者的必訪之地。五顏六色的珊瑚搖曳在水中，形成了夢幻般的水下世界，吸引了各種魚類和無脊椎動物。',0,'2024-11-17 16:52:37'),(44,39,'liuqiu011.jpg','這片區域的水深範圍在 10 至 20 米，適合有一定經驗的潛水者。漫遊在珊瑚叢中，常常可以遇見海龜或小丑魚群，為旅程增添驚喜。能見度高且水流平穩，使這裡成為水下攝影的理想地點。',1,'2024-11-17 16:52:37'),(45,39,'liuqiu012.jpg','軟珊瑚區的獨特魅力在於它的生態多樣性。每次探索都像是一場驚喜連連的冒險，讓人對海洋的奧秘更加著迷。這裡是感受小琉球海域生機勃勃氛圍的最佳地點。',0,'2024-11-17 16:52:37'),(46,40,'liuqiu013.jpg','龍蝦洞因其洞穴中經常可以發現龍蝦而得名，是小琉球最具探險氛圍的潛點之一。洞穴深處隱藏著壯觀的珊瑚景觀和各式各樣的海洋生物，是潛水者挑戰自我、探索未知的好地方。',1,'2024-11-17 16:52:37'),(47,40,'liuqiu014.jpg','這裡的水深範圍在 15 至 25 米之間，適合進階潛水者。潛入洞穴時，可以觀察到大批的龍蝦聚集，還有石斑魚和其他底棲生物在洞中穿梭。洞內的光線和陰影效果增添了神秘感，讓人印象深刻。',0,'2024-11-17 16:52:37'),(48,40,'liuqiu015.jpg','龍蝦洞的挑戰在於洞穴的結構和水流變化，需要潛水者謹慎操作。然而，探索結束後的滿足感和震撼景象，足以成為潛水旅程中最珍貴的回憶。',0,'2024-11-17 16:52:37'),(49,41,'liuqiu016.jpg','鋼鐵礁陰森廟因其獨特的礁石形狀和濃厚的神秘氣氛而得名。礁石上覆蓋著各種形狀的珊瑚，宛如天然的水下神殿，是小琉球的特色潛點之一。',1,'2024-11-17 16:52:37'),(50,41,'liuqiu017.jpg','這片海域的水深範圍大約在 8 至 20 米，適合不同等級的潛水者。沿著礁石探索，可以發現魚群聚集、珊瑚蟲蠕動，還有偶爾出現的魟魚和海鰻。這裡的能見度極高，為潛水者提供了觀察細節的良好條件。',0,'2024-11-17 16:52:37'),(51,41,'liuqiu018.jpg','鋼鐵礁陰森廟的獨特魅力在於其如夢似幻的氣氛。潛水者彷彿置身於神秘的海底世界，感受到大自然的壯麗與寧靜，每次下潛都能帶來全新的體驗。',0,'2024-11-17 16:52:37'),(52,42,'liuqiu001.jpg','大福西以其壯觀的礁岩地形和多樣化的生態環境吸引了許多潛水愛好者。這裡的礁石連綿不斷，覆滿了各種珊瑚，宛如一幅動態的水下畫卷，令人流連忘返。',0,'2024-11-17 16:52:37'),(53,42,'liuqiu002.jpg','水深範圍在 10 至 25 米之間，適合中級及以上的潛水者。潛入水中，可以觀察到色彩繽紛的魚群以及偶爾出現的魟魚或海龜，讓潛水者驚喜連連。這片區域的水流變化多端，增添了潛水的挑戰性。',1,'2024-11-17 16:52:37'),(54,42,'liuqiu003.jpg','大福西的礁石區域擁有許多洞穴和暗流，對潛水者來說是一個充滿挑戰和探索的地方。每次下潛，都能發現新的驚奇，成為潛水之旅中的亮點。',0,'2024-11-17 16:52:37'),(55,54,'hengchun004.jpg','石珠是恆春區一個著名的岸潛點，這裡的海水清澈透明，能見度高。潛水者可以在這片海域享受與海洋生物親密接觸的機會，水中常見熱帶魚、珊瑚礁以及一些底棲生物。潛水的深度相對淺，適合初學者進行輕鬆潛水。',0,'2024-11-17 17:34:41'),(56,54,'hengchun005.jpg','此潛點的特色之一是其獨特的岩石結構，形狀如珠串般排列，為潛水者提供了絕佳的觀賞體驗。沿著岩石邊緣潛水，可以發現多種海洋生物的栖息地，無論是海葵中的小丑魚，還是珊瑚礁中的螃蟹和海星，都是潛水者的驚喜。',0,'2024-11-17 17:34:41'),(57,54,'hengchun006.jpg','水深大約在 5 至 15 米之間，水流平穩，非常適合喜歡悠閒潛水的人。此潛點是放鬆心情和欣賞大自然美景的理想場所，無論是潛水還是浮潛，都能帶來愉悅的體驗。',1,'2024-11-17 17:34:41'),(58,55,'hengchun007.jpg','萬里桐是恆春的中階潛點，以其壯麗的珊瑚礁和多樣的海洋生態而聞名。潛水者可以在這裡看到色彩繽紛的軟硬珊瑚，還有各種熱帶魚和偶爾出現的海龜。水深約 10 至 25 米，適合有一定潛水經驗的潛水者。',0,'2024-11-17 17:34:41'),(59,55,'hengchun008.jpg','這個潛點的魅力在於其獨特的海底地形，海底有許多自然的洞穴和裂縫，為生物提供了豐富的栖息環境。隨著潛水者的探索，會發現更多隱藏的海洋奇觀，如海鰻、鯊魚和各種珊瑚種類，讓每次潛水都充滿驚奇。',0,'2024-11-17 17:34:41'),(60,55,'hengchun009.jpg','此外，萬里桐潛點的能見度通常非常好，是進行水下攝影和探索海底生物的理想場所。這裡的環境相對平穩，讓潛水者可以悠閒地探索，享受與海洋世界親密接觸的時光。',1,'2024-11-17 17:34:41'),(61,56,'hengchun0010.jpg','山海潛點位於恆春的另一個熱門潛水地點，這裡的水域以清澈透明著稱。潛水者可以在水下探索豐富的珊瑚礁系統，並與各種海洋生物互動。這個潛點的水深適中，適合中級潛水者。',0,'2024-11-17 17:34:41'),(62,56,'hengchun011.jpg','山海潛點的特色是其岩石和珊瑚的奇妙結合，構成了非常多樣化的海底景觀。從海底的沙地到岩礁，潛水者會發現各種熱帶魚、珊瑚和底棲生物。這裡的水域生物豐富多樣，是水下攝影愛好者的理想選擇。',0,'2024-11-17 17:34:41'),(63,56,'hengchun012.jpg','潛水時，除了生物的多樣性，這裡的水流變化也使得每次潛水都充滿挑戰。適合有一定經驗的潛水者來此探索，並享受深度潛水帶來的樂趣。',1,'2024-11-17 17:34:41'),(64,57,'hengchun013.jpg','紅柴坑是一個具有挑戰性的高階潛水點，擁有壯麗的海底景觀和多樣的生態環境。這裡的水深大約在 15 至 40 米之間，潛水者可以在此發現獨特的岩礁和豐富的珊瑚群，並與各種海洋生物親密接觸。',0,'2024-11-17 17:34:41'),(65,57,'hengchun014.jpg','此潛點最吸引潛水者的是其海底洞穴和裂縫，這些地形為許多海洋生物提供了栖息地。潛水者在水下能夠看到各種熱帶魚、海鰻、甚至偶爾出現的鯊魚。這裡也是進行水下攝影的好地方，充滿了各種迷人的水下畫面。',0,'2024-11-17 17:34:41'),(66,57,'hengchun015.jpg','紅柴坑潛點的水流較為湍急，對潛水者的經驗要求較高，因此適合有一定潛水經驗的潛水者。挑戰自我、探索水下世界，這裡是潛水愛好者不容錯過的地點。',1,'2024-11-17 17:34:41'),(67,58,'hengchun016.jpg','合界潛點以其深邃的海域和清澈的水質而聞名，是一個適合進階潛水者的潛點。這裡的水深範圍大約從 20 米到 45 米不等，水下景觀迷人，無論是珊瑚礁還是各種海洋生物，都讓潛水者驚嘆不已。',0,'2024-11-17 17:34:41'),(68,58,'hengchun017.jpg','潛水者可以在合界潛點發現各種水底生物，包括熱帶魚、珊瑚和底棲生物。這裡的海底結構變化多端，有許多隱蔽的岩石和洞穴，適合喜愛探索的潛水者。這些特色讓每次潛水都充滿了新鮮感和挑戰性。',0,'2024-11-17 17:34:41'),(69,58,'hengchun018.jpg','合界潛點的水流相對穩定，但由於水深較大，因此需要一定的潛水經驗。對於進階潛水者來說，這裡無疑是一個理想的探險地點，能讓潛水者享受到探索深海的樂趣。',1,'2024-11-17 17:34:41'),(70,59,'hengchun001.jpg','頂白沙潛點是恆春區一個優美的岸潛點，這裡的水域水深適中，水質清澈，適合所有潛水等級的潛水者。這裡的珊瑚礁美麗，海底生物繁多，是一個絕佳的潛水地點。',0,'2024-11-17 17:34:41'),(71,59,'hengchun002.jpg','這裡的海域非常適合初學者進行水肺潛水，水流平穩，能見度也很高。沿著海底的沙洲潛水，潛水者可以發現各種熱帶魚和底棲生物，像是海星和小型螃蟹，讓潛水經歷充滿樂趣。',0,'2024-11-17 17:34:41'),(72,59,'hengchun003.jpg','此外，頂白沙潛點還非常適合浮潛愛好者，海面下就是絢麗的珊瑚礁，這裡的生物非常多樣，是一個探索海洋生態的理想場所。',1,'2024-11-17 17:34:41');
/*!40000 ALTER TABLE `site_img` ENABLE KEYS */;
UNLOCK TABLES;

--
-- Table structure for table `site_info`
--

DROP TABLE IF EXISTS `site_info`;
/*!40101 SET @saved_cs_client     = @@character_set_client */;
/*!50503 SET character_set_client = utf8mb4 */;
CREATE TABLE `site_info` (
  `site_id` int(11) NOT NULL,
  `region_id` int(11) NOT NULL,
  `site_name` varchar(10) NOT NULL,
  `x_position` int(11) NOT NULL,
  `y_position` int(11) NOT NULL,
  `max_depth` int(11) NOT NULL,
  `level_id` int(11) NOT NULL,
  `method_id` int(11) NOT NULL,
  `created_at` date NOT NULL DEFAULT current_timestamp(),
  PRIMARY KEY (`site_id`),
  KEY `location_id` (`region_id`),
  KEY `level_id` (`level_id`),
  KEY `method_id` (`method_id`)
) ENGINE=InnoDB DEFAULT CHARSET=utf8mb4 COLLATE=utf8mb4_general_ci;
/*!40101 SET character_set_client = @saved_cs_client */;

--
-- Dumping data for table `site_info`
--

LOCK TABLES `site_info` WRITE;
/*!40000 ALTER TABLE `site_info` DISABLE KEYS */;
INSERT INTO `site_info` VALUES (1,1,'三塊石',900,79,30,3,2,'2024-10-31'),(2,1,'仙人疊石',878,488,25,2,2,'2024-10-31'),(3,1,'教堂',600,748,28,3,2,'2024-10-31'),(4,1,'獨立礁',585,800,20,1,1,'2024-10-31'),(5,1,'大白沙',532,812,18,2,2,'2024-10-31'),(6,1,'鋼鐵礁',550,765,22,3,2,'2024-10-31'),(7,1,'馬蹄橋',561,722,27,2,1,'2024-10-31'),(8,1,'電桿礁',350,625,25,1,1,'2024-10-31'),(9,1,'六米礁',345,584,6,1,1,'2024-10-31'),(10,1,'海底郵筒',386,575,10,1,1,'2024-10-31'),(11,1,'大香菇',368,517,8,1,1,'2024-10-31'),(12,1,'中寮港',422,248,12,2,1,'2024-10-31'),(13,1,'柴口',521,220,15,2,2,'2024-10-31'),(14,1,'公館鼻',634,188,20,2,2,'2024-10-31'),(15,1,'大峽谷',695,117,35,3,2,'2024-10-31'),(16,1,'將軍岩',708,216,28,3,2,'2024-10-31'),(17,1,'一線天',786,137,32,3,2,'2024-10-31'),(18,2,'玉女岩外礁',341,198,20,2,1,'2024-10-31'),(19,2,'母雞岩外礁',515,180,22,2,1,'2024-10-31'),(20,2,'雙獅岩',722,150,25,3,2,'2024-10-31'),(21,2,'雙獅外礁左',755,115,28,3,2,'2024-10-31'),(22,2,'雙獅外礁右',811,114,30,3,2,'2024-10-31'),(23,2,'軍艦岩',910,195,18,2,1,'2024-10-31'),(24,2,'東清三塊石',810,350,15,1,1,'2024-10-31'),(25,2,'東清灣花園',770,404,10,1,1,'2024-10-31'),(26,2,'關東石',825,449,22,2,2,'2024-10-31'),(27,2,'野銀小峽谷',890,503,26,3,2,'2024-10-31'),(28,2,'馬鞍礁',880,546,24,2,2,'2024-10-31'),(29,2,'永興礁',930,625,28,2,2,'2024-10-31'),(30,2,'一線天',1000,814,32,3,2,'2024-10-31'),(31,2,'四條溝',735,824,20,1,1,'2024-10-31'),(32,2,'八代灣沈船',626,740,30,2,2,'2024-10-31'),(33,2,'機場外礁',485,716,15,1,1,'2024-10-31'),(34,2,'開元港',270,502,12,1,1,'2024-10-31'),(35,2,'藍洞',250,470,18,2,1,'2024-10-31'),(36,2,'油椰斷層',285,445,22,2,1,'2024-10-31'),(37,4,'花瓶岩',727,115,25,2,1,'2024-10-31'),(38,4,'中澳沙灘',875,220,18,1,1,'2024-10-31'),(39,4,'軟珊瑚區',958,317,30,3,2,'2024-10-31'),(40,4,'龍蝦洞',934,384,22,2,2,'2024-10-31'),(41,4,'鋼鐵礁陰森廟',1003,410,28,3,2,'2024-10-31'),(42,4,'大福西',634,656,20,2,1,'2024-10-31'),(43,4,'厚石礁群',588,777,15,1,1,'2024-10-31'),(44,4,'鎮海艦沈船',401,895,35,3,2,'2024-10-31'),(45,4,'海子口',284,790,18,2,1,'2024-10-31'),(46,4,'烏鬼洞',249,632,25,2,1,'2024-10-31'),(47,4,'威尼斯沈船',256,515,32,3,2,'2024-10-31'),(48,4,'杉福小丑島',364,499,12,1,1,'2024-10-31'),(49,4,'杉福漁港',393,440,10,1,1,'2024-10-31'),(50,4,'杉福沈船',315,408,28,3,2,'2024-10-31'),(51,4,'棄嬰洞斷層',352,285,20,2,1,'2024-10-31'),(52,4,'養殖箱網',463,200,8,1,1,'2024-10-31'),(53,4,'美人洞',596,163,15,1,1,'2024-10-31'),(54,3,'石珠',183,350,25,1,1,'2024-11-17'),(55,3,'萬里桐',245,420,30,2,1,'2024-11-17'),(56,3,'山海',273,483,35,2,1,'2024-11-17'),(57,3,'紅柴坑',276,516,40,3,2,'2024-11-17'),(58,3,'合界',264,590,45,3,2,'2024-11-17'),(59,3,'頂白沙',261,636,50,1,1,'2024-11-17'),(60,3,'南海洞',397,759,55,3,2,'2024-11-17'),(61,3,'雷打石',425,729,60,2,1,'2024-11-17'),(62,3,'出水口',442,687,20,1,1,'2024-11-17'),(63,3,'軟珊瑚區',450,653,30,2,1,'2024-11-17'),(64,3,'後壁湖餵魚區',455,612,40,2,1,'2024-11-17'),(65,3,'一線天',479,703,45,2,2,'2024-11-17'),(66,3,'小咾咕',498,676,50,3,2,'2024-11-17'),(67,3,'大咾咕',516,652,60,3,2,'2024-11-17'),(68,3,'雙峰藍洞',542,713,65,3,2,'2024-11-17'),(69,3,'跳石',554,623,25,1,1,'2024-11-17'),(70,3,'南灣三角町',580,650,35,2,2,'2024-11-17'),(71,3,'獨立礁',599,685,50,2,2,'2024-11-17'),(72,3,'香蕉灣',737,684,60,3,2,'2024-11-17'),(73,3,'砂島',809,776,70,3,2,'2024-11-17');
/*!40000 ALTER TABLE `site_info` ENABLE KEYS */;
UNLOCK TABLES;

--
-- Table structure for table `site_region`
--

DROP TABLE IF EXISTS `site_region`;
/*!40101 SET @saved_cs_client     = @@character_set_client */;
/*!50503 SET character_set_client = utf8mb4 */;
CREATE TABLE `site_region` (
  `region_id` int(11) NOT NULL AUTO_INCREMENT,
  `region_name` varchar(20) NOT NULL,
  `region_english` varchar(20) NOT NULL,
  `region_englowercase` varchar(50) NOT NULL,
  PRIMARY KEY (`region_id`)
) ENGINE=InnoDB AUTO_INCREMENT=7 DEFAULT CHARSET=utf8mb4 COLLATE=utf8mb4_general_ci;
/*!40101 SET character_set_client = @saved_cs_client */;

--
-- Dumping data for table `site_region`
--

LOCK TABLES `site_region` WRITE;
/*!40000 ALTER TABLE `site_region` DISABLE KEYS */;
INSERT INTO `site_region` VALUES (1,'綠島','GREEN ISLAND','greenisland'),(2,'蘭嶼','ORCHID ISLAND','orchidisland'),(3,'恆春','HENGCHUN','hengchun'),(4,'小琉球','XIAO LIUQIU','xiaoliuqiu'),(5,'澎湖','PENGHU','penghu'),(6,'東北角','NORTHEAST COAST','northeastcoast');
/*!40000 ALTER TABLE `site_region` ENABLE KEYS */;
UNLOCK TABLES;

--
-- Table structure for table `user`
--

DROP TABLE IF EXISTS `user`;
/*!40101 SET @saved_cs_client     = @@character_set_client */;
/*!50503 SET character_set_client = utf8mb4 */;
CREATE TABLE `user` (
  `user_id` int(11) NOT NULL AUTO_INCREMENT COMMENT '會員ID',
  `is_active` int(11) NOT NULL DEFAULT 0 COMMENT '0 未完成email驗證 / 1 已完成email驗證',
  `user_email` varchar(255) NOT NULL COMMENT '(唯一)同登入帳號',
  `user_password` varchar(255) NOT NULL COMMENT '加密',
  `user_birthday` date DEFAULT NULL COMMENT '生日',
  `user_full_name` varchar(50) DEFAULT NULL COMMENT '姓名',
  `user_phone_number` varchar(10) DEFAULT NULL COMMENT '手機',
  `user_sex` int(11) NOT NULL COMMENT '1 男生 / 2 女生',
  `role_id` int(11) NOT NULL COMMENT '0 不是教練，1 是教練',
  `profile_picture` varchar(255) DEFAULT NULL COMMENT '儲存大頭貼的路徑',
  `user_created_at` timestamp NOT NULL DEFAULT current_timestamp() COMMENT '註冊日期，不能修改',
  `third_userid` varchar(50) DEFAULT NULL COMMENT '第三方userid',
  `user_city` varchar(5) DEFAULT NULL COMMENT '居住城市',
  `user_district` varchar(5) DEFAULT NULL COMMENT '行政區域',
  `user_address` varchar(50) DEFAULT NULL COMMENT '地址',
  `user_point` int(11) DEFAULT 0,
  PRIMARY KEY (`user_id`),
  UNIQUE KEY `user_email` (`user_email`),
  UNIQUE KEY `third_userid` (`third_userid`)
) ENGINE=InnoDB AUTO_INCREMENT=209 DEFAULT CHARSET=utf8mb4 COLLATE=utf8mb4_general_ci;
/*!40101 SET character_set_client = @saved_cs_client */;

--
-- Dumping data for table `user`
--

LOCK TABLES `user` WRITE;
/*!40000 ALTER TABLE `user` DISABLE KEYS */;
INSERT INTO `user` VALUES (1,1,'user1@example.com','$2b$12$NDszh1L1DPfDOymYaNh3UeOCkIe1U.60lptfplkXxTXtUA8zXXh3.','1956-11-11','黃詩','0922774055',1,1,'/member/man-avatar.jpg','2024-10-30 07:54:52','third-1','高雄市','苓雅區','和平街 5號 5弄',717),(2,1,'user2@example.com','$2b$12$NDszh1L1DPfDOymYaNh3UeOCkIe1U.60lptfplkXxTXtUA8zXXh3.','1971-12-18','吳芳','0940898790',2,1,'/member/woman-avatar.jpg','2024-10-30 07:54:52','third-2','臺東縣','臺東市','成功街 187號 1弄 3樓',330),(3,1,'user3@example.com','$2b$12$NDszh1L1DPfDOymYaNh3UeOCkIe1U.60lptfplkXxTXtUA8zXXh3.','2004-06-06','郭淑','0960227432',2,1,'/member/woman-avatar.jpg','2024-10-30 07:54:52','third-3','臺東縣','成功鎮','和平街 207號 4樓',399),(4,1,'user4@example.com','123456','2002-04-16','蔡安怡','0971570027',2,1,'/member/woman-avatar.jpg','2024-10-30 07:54:52','third-4','臺中市','南區','和平街 22號',957),(5,0,'user5@example.com','123456','1956-02-10','許欣','0936468860',2,1,'/member/woman-avatar.jpg','2024-10-30 07:54:52','third-5','臺中市','東區','復興路 158號 17巷 3樓',683),(6,1,'user6@example.com','123456$2b$12$7qAgMibqz6p4pkryTTG9lOUlR6rIzg6g1AIlAuHMjSTxEOwRDL8C2','1955-05-10','洪青怡','0994866697',1,1,'/member/man-avatar.jpg','2024-10-30 07:54:52','third-6','嘉義市','西區','民族路 297號 5巷 7弄',497),(7,1,'user7@example.com','123456','1972-10-21','鄭安芳','0958832063',1,1,'/member/man-avatar.jpg','2024-10-30 07:54:52','third-7','南投縣','南投市','中山路 264號',386),(8,1,'user8@example.com','123456','1998-03-04','劉俊家','0921953575',2,1,'/member/woman-avatar.jpg','2024-10-30 07:54:52','third-8','臺中市','南區','中山路 223號 18巷 5弄 2樓',391),(9,1,'user9@example.com','123456','1962-01-16','鄭安','0970249260',1,1,'/member/man-avatar.jpg','2024-10-30 07:54:52','third-9','屏東縣','東港鎮','博愛街 44號 2巷 1弄 2樓',747),(10,1,'user10@example.com','123456','1992-05-16','陳維德','0987517435',1,1,'/member/man-avatar.jpg','2024-10-30 07:54:52','third-10','彰化縣','彰化市','中山路 249號 14巷 6弄',609),(11,1,'user11@example.com','123456','1997-07-19','謝美慶','0921784369',2,1,'/member/woman-avatar.jpg','2024-10-30 07:54:52','third-11','嘉義縣','布袋鎮','忠孝路 107號 1樓',755),(12,1,'user12@example.com','123456','1994-06-19','洪慶','0922559322',2,1,'/member/woman-avatar.jpg','2024-10-30 07:54:52','third-12','新竹市','北區','民生路 289號 4弄',947),(13,1,'user13@example.com','123456','1991-09-10','郭志青','0956902927',1,1,'/member/man-avatar.jpg','2024-10-30 07:54:52','third-13','新北市','泰山區','和平街 175號 9弄 5樓',518),(14,1,'user14@example.com','123456','2005-02-05','黃怡','0910300701',1,1,'/member/man-avatar.jpg','2024-10-30 07:54:52','third-14','宜蘭縣','羅東鎮','和平街 5號',650),(15,1,'user15@example.com','123456','1993-02-03','蔡明','0944313837',1,0,'/member/man-avatar.jpg','2024-10-30 07:54:52','third-15','連江縣','北竿鄉','復興路 57號 3樓',695),(16,1,'user16@example.com','123456','1991-10-17','鄭秋','0912836956',1,0,'/member/man-avatar.jpg','2024-10-30 07:54:52','third-16','屏東縣','潮州鎮','復興路 294號 1巷',527),(17,1,'user17@example.com','123456','1989-04-07','李維維','0910838787',2,0,'/member/woman-avatar.jpg','2024-10-30 07:54:52','third-17','澎湖縣','湖西鄉','民生路 145號 3弄 4樓',498),(18,1,'user18@example.com','123456','1959-06-22','謝青','0942432550',2,1,'/member/woman-avatar.jpg','2024-10-30 07:54:52','third-18','基隆市','仁愛區','中山路 212號',861),(19,1,'user19@example.com','123456','1973-04-13','郭玉','0915668180',1,1,'/member/man-avatar.jpg','2024-10-30 07:54:52','third-19','新竹縣','新埔鎮','民族路 74號 4弄 5樓',857),(20,1,'user20@example.com','123456','1962-05-30','楊詩雅','0931313343',1,1,'/member/man-avatar.jpg','2024-10-30 07:54:52','third-20','連江縣','北竿鄉','成功街 194號 11巷',704),(21,1,'user21@example.com','123456','1978-01-10','謝欣美','0997442277',1,1,'/member/man-avatar.jpg','2024-10-30 07:54:52','third-21','宜蘭縣','羅東鎮','復興路 258號 9巷 5弄 5樓',899),(22,1,'user22@example.com','123456','1990-05-06','許雪榮','0921654857',2,1,'/member/woman-avatar.jpg','2024-10-30 07:54:52','third-22','嘉義縣','太保市','博愛街 144號 5弄 2樓',430),(23,1,'user23@example.com','123456','1960-12-02','張嘉','0996870536',1,1,'/member/man-avatar.jpg','2024-10-30 07:54:52','third-23','臺東縣','成功鎮','成功街 268號 3弄 4樓',357),(24,1,'user24@example.com','123456','2003-03-28','蔡俊','0955693164',1,1,'/member/man-avatar.jpg','2024-10-30 07:54:52','third-24','澎湖縣','湖西鄉','博愛街 286號 1弄 2樓',446),(25,1,'user25@example.com','123456','1994-07-31','蔡育育','0995602940',1,1,'/member/man-avatar.jpg','2024-10-30 07:54:52','third-25','連江縣','莒光鄉','民族路 15號 11巷 8弄 4樓',158),(26,1,'user26@example.com','123456','1992-10-29','黃家亮','0953384329',1,1,'/member/man-avatar.jpg','2024-10-30 07:54:52','third-26','嘉義市','西區','忠孝路 194號 6巷',355),(27,1,'user27@example.com','123456','1976-11-14','楊維','0988064248',2,1,'/member/woman-avatar.jpg','2024-10-30 07:54:52','third-27','花蓮縣','玉里鎮','和平街 47號 5樓',298),(28,1,'user28@example.com','123456','1972-09-26','黃秋','0993794061',1,1,'/member/man-avatar.jpg','2024-10-30 07:54:52','third-28','澎湖縣','馬公市','成功街 59號 8弄',375),(29,1,'user29@example.com','123456','1979-10-26','謝慧','0963016962',1,1,'/member/man-avatar.jpg','2024-10-30 07:54:52','third-29','新竹市','香山區','和平街 131號 13巷 5弄',932),(30,1,'user30@example.com','123456','1955-01-24','陳俊','0921462945',1,1,'/member/man-avatar.jpg','2024-10-30 07:54:52','third-30','新竹縣','竹北市','博愛街 73號 8巷',634),(31,1,'user31@example.com','123456','1980-09-12','吳榮安','0969458350',2,1,'/member/woman-avatar.jpg','2024-10-30 07:54:52','third-31','臺南市','東區','民族路 205號 7巷 4樓',325),(32,1,'user32@example.com','123456','1998-05-23','鄭志','0921370720',2,1,'/member/woman-avatar.jpg','2024-10-30 07:54:52','third-32','嘉義縣','朴子市','復興路 126號 7巷 7弄',625),(33,1,'user33@example.com','123456','1971-03-28','郭育玉','0975509527',1,1,'/member/man-avatar.jpg','2024-10-30 07:54:52','third-33','屏東縣','屏東市','成功街 95號',195),(34,1,'user34@example.com','123456','1995-09-08','王榮怡','0949386378',2,0,'/member/woman-avatar.jpg','2024-10-30 07:54:52','third-34','金門縣','金湖鎮','中山路 263號 19巷 3弄 5樓',956),(35,1,'user35@example.com','123456','1967-03-19','許育志','0934869928',1,1,'/member/man-avatar.jpg','2024-10-30 07:54:52','third-35','宜蘭縣','蘇澳鎮','民族路 286號 11巷',340),(36,1,'user36@example.com','123456','1972-10-25','吳勝榮','0956538690',1,1,'/member/man-avatar.jpg','2024-10-30 07:54:52','third-36','臺中市','北區','民族路 33號 5巷 1弄 2樓',685),(37,1,'user37@example.com','123456','1971-05-15','李嘉慧','0912117848',1,1,'/member/man-avatar.jpg','2024-10-30 07:54:52','third-37','新竹市','香山區','博愛街 165號 1樓',454),(38,1,'user38@example.com','123456','1964-02-28','林欣','0946238945',2,1,'/member/woman-avatar.jpg','2024-10-30 07:54:52','third-38','新北市','新莊區','民生路 115號 8弄',167),(39,1,'user39@example.com','123456','1993-10-18','林詩俊','0987728259',2,1,'/member/woman-avatar.jpg','2024-10-30 07:54:52','third-39','連江縣','莒光鄉','民生路 167號 3樓',371),(40,1,'user40@example.com','123456','1978-02-21','謝詩安','0933812600',2,1,'/member/woman-avatar.jpg','2024-10-30 07:54:52','third-40','嘉義縣','太保市','成功街 121號',357),(41,1,'user41@example.com','123456','1982-12-08','劉麗','0962517324',1,1,'/member/man-avatar.jpg','2024-10-30 07:54:52','third-41','新竹市','香山區','中山路 152號 15巷',620),(42,1,'user42@example.com','123456','1974-07-14','洪秋芳','0933467580',1,1,'/member/man-avatar.jpg','2024-10-30 07:54:52','third-42','金門縣','金城鎮','復興路 181號 1弄',78),(43,1,'user43@example.com','123456','1966-06-10','劉雅怡','0927205113',1,1,'/member/man-avatar.jpg','2024-10-30 07:54:52','third-43','新竹縣','竹北市','復興路 3號 4巷 5弄 2樓',383),(44,1,'user44@example.com','123456','1964-12-08','郭青','0987426293',2,1,'/member/woman-avatar.jpg','2024-10-30 07:54:52','third-44','澎湖縣','湖西鄉','復興路 59號 10巷 1弄 3樓',680),(45,0,'user45@example.com','123456','1966-03-29','郭芳','0952959710',2,1,'/member/woman-avatar.jpg','2024-10-30 07:54:52','third-45','新北市','金山區','忠孝路 229號 7弄 3樓',301),(46,0,'user46@example.com','123456','1959-11-13','黃德','0959605345',2,0,'/member/woman-avatar.jpg','2024-10-30 07:54:52','third-46','嘉義縣','朴子市','博愛街 143號 7弄',366),(47,1,'user47@example.com','123456','1958-11-20','楊玉詩','0999382052',1,0,'/member/man-avatar.jpg','2024-10-30 07:54:52','third-47','新竹市','北區','成功街 264號 6巷 1弄',879),(48,1,'user48@example.com','123456','1981-06-06','陳志淑','0953137596',2,0,'/member/woman-avatar.jpg','2024-10-30 07:54:52','third-48','高雄市','楠梓區','博愛街 160號 7巷 4弄 2樓',392),(49,0,'user49@example.com','123456','1956-08-28','鄭慧芳','0971958955',1,1,'/member/man-avatar.jpg','2024-10-30 07:54:52','third-49','南投縣','埔里鎮','成功街 185號 4弄',224),(50,1,'user50@example.com','123456','1986-03-24','郭玉','0919960768',1,0,'/member/man-avatar.jpg','2024-10-30 07:54:52','third-50','宜蘭縣','宜蘭市','博愛街 128號 18巷 3弄 2樓',847),(51,1,'user51@example.com','123456','1998-06-03','謝榮淑','0977512056',2,1,'/member/woman-avatar.jpg','2024-10-30 07:54:52','third-51','屏東縣','東港鎮','成功街 280號 8巷 1弄',659),(52,1,'user52@example.com','123456','1984-09-20','黃榮雪','0944434684',1,1,'/member/man-avatar.jpg','2024-10-30 07:54:52','third-52','桃園市','平鎮區','忠孝路 127號 18巷 4弄',707),(53,1,'user53@example.com','123456','1965-02-16','郭亮雅','0933153638',1,1,'/member/man-avatar.jpg','2024-10-30 07:54:52','third-53','臺南市','東區','忠孝路 246號 7巷',556),(54,1,'user54@example.com','123456','1995-06-16','張芳慧','0925302035',1,1,'/member/man-avatar.jpg','2024-10-30 07:54:52','third-54','臺北市','萬華區','民生路 162號 5弄 5樓',611),(55,1,'user55@example.com','123456','2004-02-21','楊慧','0990434441',1,1,'/member/man-avatar.jpg','2024-10-30 07:54:52','third-55','桃園市','桃園區','民族路 113號 14巷 3樓',387),(56,1,'user56@example.com','123456','1986-11-23','林麗雪','0930065845',1,0,'/member/man-avatar.jpg','2024-10-30 07:54:52','third-56','臺南市','中西區','民族路 130號 8巷',52),(57,1,'user57@example.com','123456','1994-06-04','吳玉','0937491329',1,1,'/member/man-avatar.jpg','2024-10-30 07:54:52','third-57','金門縣','金湖鎮','中山路 245號 4巷 5弄',952),(58,1,'user58@example.com','123456','1995-02-14','謝德欣','0977686991',2,1,'/member/woman-avatar.jpg','2024-10-30 07:54:52','third-58','花蓮縣','花蓮市','民生路 240號',751),(59,1,'user59@example.com','123456','1974-11-27','吳忠','0998484258',2,1,'/member/woman-avatar.jpg','2024-10-30 07:54:52','third-59','澎湖縣','白沙鄉','和平街 219號 10弄 1樓',848),(60,1,'user60@example.com','123456','1993-08-19','蔡慧忠','0978073200',2,1,'/member/woman-avatar.jpg','2024-10-30 07:54:52','third-60','彰化縣','員林鎮','忠孝路 268號 12巷 3樓',987),(61,1,'user61@example.com','123456','1967-01-08','楊國','0971269535',1,1,'/member/man-avatar.jpg','2024-10-30 07:54:52','third-61','臺東縣','關山鎮','成功街 242號 3樓',438),(62,1,'user62@example.com','123456','1997-03-15','黃雅','0915829478',2,1,'/member/woman-avatar.jpg','2024-10-30 07:54:52','third-62','臺中市','西區','忠孝路 64號 5樓',130),(63,1,'user63@example.com','123456','1967-02-05','洪怡','0934201185',2,1,'/member/woman-avatar.jpg','2024-10-30 07:54:52','third-63','桃園市','中壢區','和平街 43號',237),(64,1,'user64@example.com','123456','1986-03-22','洪慶','0994412912',2,0,'/member/woman-avatar.jpg','2024-10-30 07:54:52','third-64','新北市','三芝區','成功街 118號 19巷 1弄',746),(65,1,'user65@example.com','123456','1956-02-26','吳慶','0961821057',2,1,'/member/woman-avatar.jpg','2024-10-30 07:54:52','third-65','彰化縣','彰化市','忠孝路 30號 16巷 5弄 2樓',118),(66,1,'user66@example.com','123456','1974-04-06','許志','0930962703',1,0,'/member/man-avatar.jpg','2024-10-30 07:54:52','third-66','屏東縣','潮州鎮','民族路 183號',204),(67,1,'user67@example.com','123456','1956-01-16','黃芳','0957124296',1,1,'/member/man-avatar.jpg','2024-10-30 07:54:52','third-67','宜蘭縣','蘇澳鎮','民生路 24號 13巷',618),(68,1,'user68@example.com','123456','1983-10-05','劉慧志','0972607418',1,0,'/member/man-avatar.jpg','2024-10-30 07:54:52','third-68','新竹縣','竹北市','忠孝路 277號 9巷 7弄 4樓',526),(69,0,'user69@example.com','123456','1972-07-08','楊玉明','0939909145',2,1,'/member/woman-avatar.jpg','2024-10-30 07:54:52','third-69','高雄市','左營區','民生路 247號 4樓',727),(70,1,'user70@example.com','123456','1959-03-09','洪宏麗','0953528983',2,1,'/member/woman-avatar.jpg','2024-10-30 07:54:52','third-70','金門縣','金沙鎮','中山路 125號 4樓',104),(71,1,'user71@example.com','123456','1967-09-19','吳雅家','0968372267',1,0,'/member/man-avatar.jpg','2024-10-30 07:54:52','third-71','屏東縣','潮州鎮','博愛街 213號 10弄',191),(72,1,'user72@example.com','123456','1962-04-21','王慶','0931767515',1,1,'/member/man-avatar.jpg','2024-10-30 07:54:52','third-72','苗栗縣','通霄鎮','復興路 289號 7弄',592),(73,1,'user73@example.com','123456','1971-11-14','郭秋','0944208256',2,1,'/member/woman-avatar.jpg','2024-10-30 07:54:52','third-73','新北市','萬里區','民生路 140號 10弄 3樓',438),(74,1,'user74@example.com','123456','1982-01-29','林詩','0932613302',2,1,'/member/woman-avatar.jpg','2024-10-30 07:54:52','third-74','臺南市','南區','博愛街 227號 4樓',366),(75,1,'user75@example.com','123456','1960-04-25','黃德','0954491250',2,1,'/member/woman-avatar.jpg','2024-10-30 07:54:52','third-75','新竹縣','竹北市','和平街 289號 6巷 10弄',463),(76,1,'user76@example.com','123456','1974-11-01','楊勝忠','0950130523',1,1,'/member/man-avatar.jpg','2024-10-30 07:54:52','third-76','苗栗縣','通霄鎮','成功街 267號 4樓',219),(77,1,'user77@example.com','123456','1987-01-20','陳俊','0968372751',2,1,'/member/woman-avatar.jpg','2024-10-30 07:54:52','third-77','臺北市','北投區','忠孝路 93號 19巷',608),(78,1,'user78@example.com','123456','1979-07-22','吳忠育','0966645089',2,0,'/member/woman-avatar.jpg','2024-10-30 07:54:52','third-78','新北市','新莊區','博愛街 18號 1巷',430),(79,1,'user79@example.com','123456','1958-03-12','陳忠安','0996618549',2,1,'/member/woman-avatar.jpg','2024-10-30 07:54:52','third-79','基隆市','信義區','博愛街 112號 4巷',277),(80,1,'user80@example.com','123456','1995-09-07','謝玉','0935829881',2,1,'/member/woman-avatar.jpg','2024-10-30 07:54:52','third-80','新北市','林口區','博愛街 209號 2弄',998),(81,1,'user81@example.com','123456','2000-12-05','蔡慧麗','0970676472',1,1,'/member/man-avatar.jpg','2024-10-30 07:54:52','third-81','臺中市','北區','忠孝路 52號 8弄 2樓',304),(82,1,'user82@example.com','123456','1970-08-01','洪榮欣','0929139886',2,1,'/member/woman-avatar.jpg','2024-10-30 07:54:52','third-82','宜蘭縣','宜蘭市','博愛街 129號 2弄',379),(83,0,'user83@example.com','123456','1969-01-27','林家','0963164119',1,1,'/member/man-avatar.jpg','2024-10-30 07:54:52','third-83','新竹縣','新埔鎮','民族路 31號 15巷 5樓',935),(84,1,'user84@example.com','123456','1975-08-20','陳維','0941109157',2,1,'/member/woman-avatar.jpg','2024-10-30 07:54:52','third-84','臺北市','松山區','民族路 231號 8弄',633),(85,0,'user85@example.com','123456','2003-07-15','許維雅','0928704478',2,1,'/member/woman-avatar.jpg','2024-10-30 07:54:52','third-85','新竹縣','竹北市','和平街 245號 20巷 5樓',311),(86,1,'user86@example.com','123456','1999-05-29','楊榮','0951893418',2,1,'/member/woman-avatar.jpg','2024-10-30 07:54:52','third-86','基隆市','信義區','民生路 122號 1樓',558),(87,0,'user87@example.com','123456','1980-08-22','王宏','0911368121',1,1,'/member/man-avatar.jpg','2024-10-30 07:54:52','third-87','臺東縣','臺東市','民生路 252號 13巷 3弄 4樓',856),(88,1,'user88@example.com','123456','1996-01-29','林榮榮','0970272376',1,1,'/member/man-avatar.jpg','2024-10-30 07:54:52','third-88','花蓮縣','鳳林鎮','博愛街 148號 2樓',653),(89,1,'user89@example.com','123456','1958-09-09','劉明家','0972768016',2,0,'/member/woman-avatar.jpg','2024-10-30 07:54:52','third-89','苗栗縣','苗栗市','復興路 130號 10巷',648),(90,0,'user90@example.com','123456','1973-07-04','楊安秋','0957344476',2,1,'/member/woman-avatar.jpg','2024-10-30 07:54:52','third-90','嘉義市','東區','博愛街 152號',283),(91,1,'user91@example.com','123456','1964-06-15','許德','0993391417',1,1,'/member/man-avatar.jpg','2024-10-30 07:54:52','third-91','嘉義縣','朴子市','民族路 129號',369),(92,1,'user92@example.com','123456','1991-08-10','劉國詩','0997808732',1,1,'/member/man-avatar.jpg','2024-10-30 07:54:52','third-92','臺南市','東區','復興路 97號 6弄',948),(93,1,'user93@example.com','123456','1972-04-12','蔡志明','0995473952',1,1,'/member/man-avatar.jpg','2024-10-30 07:54:52','third-93','臺東縣','關山鎮','民生路 235號',730),(94,0,'user94@example.com','123456','1986-01-01','吳欣維','0921350999',2,1,'/member/woman-avatar.jpg','2024-10-30 07:54:52','third-94','連江縣','東引鄉','民族路 182號 10弄',755),(95,1,'user95@example.com','123456','1962-12-21','李青','0912936221',2,1,'/member/woman-avatar.jpg','2024-10-30 07:54:52','third-95','新北市','淡水區','民族路 155號 3樓',586),(96,1,'user96@example.com','123456','1957-04-08','蔡勝','0982542358',2,1,'/member/woman-avatar.jpg','2024-10-30 07:54:52','third-96','新北市','萬里區','和平街 157號 17巷 4弄',614),(97,1,'user97@example.com','123456','1985-02-14','劉宏','0980011000',1,1,'/member/man-avatar.jpg','2024-10-30 07:54:52','third-97','臺東縣','臺東市','忠孝路 208號 4巷',314),(98,1,'user98@example.com','123456','1999-12-31','張欣亮','0913394313',1,1,'/member/man-avatar.jpg','2024-10-30 07:54:52','third-98','宜蘭縣','羅東鎮','中山路 74號',630),(99,1,'user99@example.com','123456','1989-05-23','吳國','0947928524',2,1,'/member/woman-avatar.jpg','2024-10-30 07:54:52','third-99','連江縣','東引鄉','忠孝路 140號 9巷 6弄',254),(100,1,'user100@example.com','123456','1955-12-15','郭明雪','0949519978',2,0,'/member/woman-avatar.jpg','2024-10-30 07:54:52','third-100','臺北市','大同區','復興路 2號 10弄',283),(101,1,'user101@example.com','123456','1968-08-21','黃國','0977354071',1,1,'/member/man-avatar.jpg','2024-10-30 07:54:52','third-101','金門縣','金沙鎮','成功街 3號 2樓',604),(102,1,'user102@example.com','123456','2003-04-11','王家慧','0967857686',2,0,'/member/woman-avatar.jpg','2024-10-30 07:54:52','third-102','基隆市','中正區','中山路 224號 6巷 3樓',217),(103,1,'user103@example.com','123456','1956-08-20','洪雅','0982771486',1,1,'/member/man-avatar.jpg','2024-10-30 07:54:52','third-103','高雄市','楠梓區','忠孝路 148號 13巷',175),(104,1,'user104@example.com','123456','1975-09-08','郭怡','0946752472',1,1,'/member/man-avatar.jpg','2024-10-30 07:54:52','third-104','澎湖縣','白沙鄉','中山路 287號 1弄 2樓',177),(105,1,'user105@example.com','123456','1994-11-30','張國','0911031489',1,1,'/member/man-avatar.jpg','2024-10-30 07:54:52','third-105','宜蘭縣','羅東鎮','復興路 38號 5巷',310),(106,1,'user106@example.com','123456','2004-10-03','鄭芳志','0985504569',1,1,'/member/man-avatar.jpg','2024-10-30 07:54:52','third-106','澎湖縣','湖西鄉','民生路 86號 2樓',969),(107,1,'user107@example.com','123456','1963-10-26','陳勝','0946107382',2,0,'/member/woman-avatar.jpg','2024-10-30 07:54:52','third-107','新竹縣','新埔鎮','民族路 68號 11巷 2弄 2樓',62),(108,1,'user108@example.com','123456','1970-09-08','郭雅','0929427507',1,1,'/member/man-avatar.jpg','2024-10-30 07:54:52','third-108','嘉義縣','太保市','民族路 289號',204),(109,1,'user109@example.com','123456','1984-03-14','謝青','0934428216',1,0,'/member/man-avatar.jpg','2024-10-30 07:54:52','third-109','金門縣','金城鎮','成功街 253號 5弄',786),(110,1,'user110@example.com','123456','1962-03-29','李德','0943138449',1,1,'/member/man-avatar.jpg','2024-10-30 07:54:52','third-110','新竹縣','竹北市','復興路 129號 4弄',415),(111,1,'user111@example.com','123456','1973-03-01','許勝','0946699489',2,1,'/member/woman-avatar.jpg','2024-10-30 07:54:52','third-111','南投縣','埔里鎮','中山路 247號 4巷',618),(112,1,'user112@example.com','123456','1956-10-03','洪育亮','0953360083',2,1,'/member/woman-avatar.jpg','2024-10-30 07:54:52','third-112','宜蘭縣','羅東鎮','民生路 217號 10巷',845),(113,1,'user113@example.com','123456','1964-08-08','陳淑','0932740544',2,1,'/member/woman-avatar.jpg','2024-10-30 07:54:52','third-113','高雄市','左營區','中山路 162號 3樓',421),(114,1,'user114@example.com','123456','1977-09-28','蔡欣玉','0989683745',1,1,'/member/man-avatar.jpg','2024-10-30 07:54:52','third-114','臺東縣','臺東市','忠孝路 86號 5弄 3樓',470),(115,1,'user115@example.com','123456','1983-07-15','吳詩安','0991512700',2,1,'/member/woman-avatar.jpg','2024-10-30 07:54:52','third-115','金門縣','金城鎮','忠孝路 232號 19巷 2樓',86),(116,1,'user116@example.com','123456','1967-12-29','郭亮','0971331805',2,1,'/member/woman-avatar.jpg','2024-10-30 07:54:52','third-116','臺中市','東區','和平街 194號 11巷 8弄 5樓',874),(117,1,'user117@example.com','123456','1997-04-08','林雪芳','0912898726',2,1,'/member/woman-avatar.jpg','2024-10-30 07:54:52','third-117','屏東縣','屏東市','中山路 146號 2弄 2樓',256),(118,1,'user118@example.com','123456','1981-11-25','洪維俊','0962593190',1,1,'/member/man-avatar.jpg','2024-10-30 07:54:52','third-118','桃園市','八德區','中山路 201號',514),(119,1,'user119@example.com','123456','1988-01-22','陳嘉','0934622244',2,0,'/member/woman-avatar.jpg','2024-10-30 07:54:52','third-119','桃園市','桃園區','復興路 221號 1樓',799),(120,1,'user120@example.com','123456','1957-03-22','洪勝玉','0969172370',1,1,'/member/man-avatar.jpg','2024-10-30 07:54:52','third-120','臺東縣','成功鎮','成功街 73號 4弄',504),(121,1,'user121@example.com','123456','1981-04-14','謝國雪','0954423213',1,1,'/member/man-avatar.jpg','2024-10-30 07:54:52','third-121','臺北市','內湖區','民族路 11號 5弄',72),(122,1,'user122@example.com','123456','1985-04-01','蔡雅秋','0954376787',2,1,'/member/woman-avatar.jpg','2024-10-30 07:54:52','third-122','臺中市','東區','民族路 206號 19巷 1弄',699),(123,1,'user123@example.com','123456','1963-11-20','蔡玉','0935732945',1,1,'/member/man-avatar.jpg','2024-10-30 07:54:52','third-123','宜蘭縣','宜蘭市','民生路 120號',378),(124,1,'user124@example.com','123456','1993-12-27','李麗志','0947195197',2,0,'/member/woman-avatar.jpg','2024-10-30 07:54:52','third-124','雲林縣','斗南鎮','和平街 125號 6巷 3樓',696),(125,1,'user125@example.com','123456','1967-01-23','蔡雅嘉','0940911568',2,1,'/member/woman-avatar.jpg','2024-10-30 07:54:52','third-125','屏東縣','潮州鎮','中山路 110號 1巷 1樓',394),(126,1,'user126@example.com','123456','1997-05-14','王宏安','0910252534',1,0,'/member/man-avatar.jpg','2024-10-30 07:54:52','third-126','臺北市','松山區','忠孝路 254號 18巷',783),(127,0,'user127@example.com','123456','2001-06-13','張嘉俊','0970583142',1,1,'/member/man-avatar.jpg','2024-10-30 07:54:52','third-127','桃園市','八德區','和平街 117號 11巷 4樓',780),(128,1,'user128@example.com','123456','1966-10-10','郭勝','0972181925',1,1,'/member/man-avatar.jpg','2024-10-30 07:54:52','third-128','花蓮縣','玉里鎮','中山路 142號',553),(129,0,'user129@example.com','123456','1977-10-18','許淑','0946144749',2,1,'/member/woman-avatar.jpg','2024-10-30 07:54:52','third-129','花蓮縣','玉里鎮','成功街 227號',373),(130,1,'user130@example.com','123456','1975-10-29','鄭詩','0964026889',1,1,'/member/man-avatar.jpg','2024-10-30 07:54:52','third-130','南投縣','南投市','復興路 130號 9弄 4樓',157),(131,1,'user131@example.com','123456','1967-02-05','李明青','0978444039',2,1,'/member/woman-avatar.jpg','2024-10-30 07:54:52','third-131','金門縣','金沙鎮','忠孝路 181號 6弄',569),(132,1,'user132@example.com','123456','1997-11-24','吳德家','0917337006',2,1,'/member/woman-avatar.jpg','2024-10-30 07:54:52','third-132','澎湖縣','湖西鄉','中山路 198號 15巷 3樓',422),(133,1,'user133@example.com','123456','1989-04-09','劉明慶','0974699686',1,1,'/member/man-avatar.jpg','2024-10-30 07:54:52','third-133','臺南市','中西區','忠孝路 39號 13巷',352),(134,1,'user134@example.com','123456','2002-11-02','鄭榮慧','0998728283',1,1,'/member/man-avatar.jpg','2024-10-30 07:54:52','third-134','連江縣','北竿鄉','忠孝路 87號 18巷',446),(135,1,'user135@example.com','123456','1989-02-15','洪怡怡','0957571717',2,1,'/member/woman-avatar.jpg','2024-10-30 07:54:52','third-135','桃園市','平鎮區','成功街 109號 9巷',173),(136,0,'user136@example.com','123456','1969-05-28','許家','0962980622',1,0,'/member/man-avatar.jpg','2024-10-30 07:54:52','third-136','臺北市','信義區','中山路 269號 4樓',428),(137,1,'user137@example.com','123456','1957-06-21','王育','0936496289',1,0,'/member/man-avatar.jpg','2024-10-30 07:54:52','third-137','新竹縣','新埔鎮','忠孝路 109號 2樓',619),(138,1,'user138@example.com','123456','1965-10-26','黃育玉','0990690618',2,1,'/member/woman-avatar.jpg','2024-10-30 07:54:52','third-138','臺中市','北區','復興路 269號 3弄 4樓',812),(139,1,'user139@example.com','123456','1991-06-19','謝淑德','0989533483',1,1,'/member/man-avatar.jpg','2024-10-30 07:54:52','third-139','宜蘭縣','蘇澳鎮','復興路 13號 20巷 8弄 3樓',252),(140,1,'user140@example.com','123456','1991-01-11','蔡慧','0948271283',2,1,'/member/woman-avatar.jpg','2024-10-30 07:54:52','third-140','臺中市','北區','博愛街 123號 4弄 1樓',678),(141,1,'user141@example.com','123456','1996-04-10','謝慶亮','0923755963',2,1,'/member/woman-avatar.jpg','2024-10-30 07:54:52','third-141','高雄市','苓雅區','復興路 225號 5巷',680),(142,1,'user142@example.com','123456','1978-01-07','楊詩志','0941166664',2,1,'/member/woman-avatar.jpg','2024-10-30 07:54:52','third-142','新北市','林口區','成功街 174號 2巷 5弄 4樓',367),(143,1,'user143@example.com','123456','2005-03-16','吳淑慧','0992644744',1,1,'/member/man-avatar.jpg','2024-10-30 07:54:52','third-143','屏東縣','東港鎮','成功街 43號',697),(144,1,'user144@example.com','123456','1976-05-03','李麗','0947985081',2,1,'/member/woman-avatar.jpg','2024-10-30 07:54:52','third-144','花蓮縣','玉里鎮','中山路 295號 20巷',433),(145,1,'user145@example.com','123456','1974-08-11','鄭維','0938946781',2,1,'/member/woman-avatar.jpg','2024-10-30 07:54:52','third-145','臺東縣','臺東市','和平街 124號 9巷 2樓',976),(146,0,'user146@example.com','123456','2005-02-24','洪慧','0964944528',1,0,'/member/man-avatar.jpg','2024-10-30 07:54:52','third-146','連江縣','南竿鄉','博愛街 78號 19巷',676),(147,1,'user147@example.com','123456','1964-01-24','蔡育','0982485269',1,1,'/member/man-avatar.jpg','2024-10-30 07:54:52','third-147','新北市','板橋區','博愛街 119號 5巷',404),(148,1,'user148@example.com','123456','1972-02-21','陳欣怡','0929262927',2,1,'/member/woman-avatar.jpg','2024-10-30 07:54:52','third-148','臺中市','北區','忠孝路 80號',892),(149,1,'user149@example.com','123456','1961-05-22','李亮','0923821055',2,1,'/member/woman-avatar.jpg','2024-10-30 07:54:52','third-149','高雄市','楠梓區','和平街 124號',347),(150,1,'user150@example.com','123456','1987-02-24','李德怡','0976534129',1,1,'/member/man-avatar.jpg','2024-10-30 07:54:52','third-150','澎湖縣','白沙鄉','民生路 67號 7巷 6弄',910),(151,1,'user151@example.com','123456','1993-10-29','楊維維','0976889876',1,0,'/member/man-avatar.jpg','2024-10-30 07:54:52','third-151','澎湖縣','湖西鄉','民族路 15號',609),(152,1,'user152@example.com','123456','2004-06-27','張欣慶','0976325284',2,1,'/member/woman-avatar.jpg','2024-10-30 07:54:52','third-152','連江縣','南竿鄉','復興路 38號',265),(153,1,'user153@example.com','123456','2000-06-14','郭麗欣','0953100046',2,1,'/member/woman-avatar.jpg','2024-10-30 07:54:52','third-153','苗栗縣','苑裡鎮','忠孝路 296號 1弄 3樓',398),(154,1,'user154@example.com','123456','1980-10-26','陳育國','0983524422',1,1,'/member/man-avatar.jpg','2024-10-30 07:54:52','third-154','彰化縣','鹿港鎮','成功街 208號 9弄 2樓',195),(155,1,'user155@example.com','123456','1974-07-13','郭怡麗','0943642483',1,1,'/member/man-avatar.jpg','2024-10-30 07:54:52','third-155','基隆市','中正區','忠孝路 7號 4弄 4樓',684),(156,1,'user156@example.com','123456','2004-11-05','劉維維','0933313894',1,0,'/member/man-avatar.jpg','2024-10-30 07:54:52','third-156','臺北市','大同區','忠孝路 186號',883),(157,1,'user157@example.com','123456','1999-12-19','林忠維','0961901100',2,1,'/member/woman-avatar.jpg','2024-10-30 07:54:52','third-157','桃園市','桃園區','民生路 47號 3巷 9弄 2樓',409),(158,1,'user158@example.com','123456','1986-01-08','蔡青','0940438728',2,0,'/member/woman-avatar.jpg','2024-10-30 07:54:52','third-158','高雄市','苓雅區','博愛街 54號',300),(159,1,'user159@example.com','123456','2000-07-06','吳芳淑','0940824131',1,1,'/member/man-avatar.jpg','2024-10-30 07:54:52','third-159','基隆市','中正區','民生路 213號 20巷 2樓',224),(160,1,'user160@example.com','123456','2003-07-18','黃俊','0955364309',2,1,'/member/woman-avatar.jpg','2024-10-30 07:54:52','third-160','臺東縣','成功鎮','民族路 232號 2巷 4樓',171),(161,1,'user161@example.com','123456','1971-12-20','鄭嘉','0988409365',1,1,'/member/man-avatar.jpg','2024-10-30 07:54:52','third-161','桃園市','八德區','和平街 285號 5樓',133),(162,0,'user162@example.com','123456','1992-11-30','張維芳','0915933447',2,1,'/member/woman-avatar.jpg','2024-10-30 07:54:52','third-162','臺中市','東區','忠孝路 269號 9巷',104),(163,1,'user163@example.com','123456','1989-04-11','鄭玉嘉','0987250248',1,1,'/member/man-avatar.jpg','2024-10-30 07:54:52','third-163','澎湖縣','湖西鄉','中山路 227號 1樓',71),(164,1,'user164@example.com','123456','1980-05-03','蔡忠育','0950601944',2,1,'/member/woman-avatar.jpg','2024-10-30 07:54:52','third-164','臺東縣','臺東市','復興路 25號 17巷 3弄',946),(165,1,'user165@example.com','123456','1969-06-15','黃嘉玉','0978056621',1,1,'/member/man-avatar.jpg','2024-10-30 07:54:52','third-165','臺北市','南港區','民族路 117號 4巷 1弄 4樓',662),(166,1,'user166@example.com','123456','1960-01-01','郭秋秋','0944961669',2,1,'/member/woman-avatar.jpg','2024-10-30 07:54:52','third-166','屏東縣','東港鎮','忠孝路 281號 4樓',424),(167,1,'user167@example.com','123456','2004-10-23','許宏','0933911437',1,1,'/member/man-avatar.jpg','2024-10-30 07:54:52','third-167','金門縣','金城鎮','和平街 193號',82),(168,1,'user168@example.com','123456','1976-04-13','李雪','0938750301',2,1,'/member/woman-avatar.jpg','2024-10-30 07:54:52','third-168','嘉義縣','朴子市','中山路 184號 2樓',993),(169,1,'user169@example.com','123456','1980-07-22','吳志德','0967838881',2,1,'/member/woman-avatar.jpg','2024-10-30 07:54:52','third-169','新竹市','東區','忠孝路 165號 18巷 2樓',865),(170,1,'user170@example.com','123456','1967-10-30','陳宏','0911279007',1,1,'/member/man-avatar.jpg','2024-10-30 07:54:52','third-170','苗栗縣','苗栗市','復興路 156號 4弄 3樓',343),(171,1,'user171@example.com','123456','1973-04-15','張美','0960902472',2,1,'/member/woman-avatar.jpg','2024-10-30 07:54:52','third-171','宜蘭縣','蘇澳鎮','和平街 86號 3弄 4樓',975),(172,0,'user172@example.com','123456','1996-10-26','許亮','0945247117',2,1,'/member/woman-avatar.jpg','2024-10-30 07:54:52','third-172','彰化縣','彰化市','博愛街 140號 15巷 1弄',944),(173,1,'user173@example.com','123456','1982-05-04','林德','0928470879',1,1,'/member/man-avatar.jpg','2024-10-30 07:54:52','third-173','新北市','林口區','成功街 277號 7巷 5弄',795),(174,1,'user174@example.com','123456','1964-12-14','李志國','0968558386',1,1,'/member/man-avatar.jpg','2024-10-30 07:54:52','third-174','澎湖縣','湖西鄉','忠孝路 122號 8巷 2弄',142),(175,1,'user175@example.com','123456','1995-03-01','王安','0931150977',1,1,'/member/man-avatar.jpg','2024-10-30 07:54:52','third-175','臺中市','西區','和平街 22號 16巷 1弄',177),(176,1,'user176@example.com','123456','1974-07-12','鄭美','0920993964',1,1,'/member/man-avatar.jpg','2024-10-30 07:54:52','third-176','新竹縣','竹北市','成功街 211號 15巷',409),(177,1,'user177@example.com','123456','1993-06-22','楊慧','0991942395',1,1,'/member/man-avatar.jpg','2024-10-30 07:54:52','third-177','高雄市','苓雅區','博愛街 223號 10弄 3樓',516),(178,1,'user178@example.com','123456','1985-08-15','謝安','0987470883',2,1,'/member/woman-avatar.jpg','2024-10-30 07:54:52','third-178','嘉義市','東區','中山路 56號 7巷',350),(179,1,'user179@example.com','123456','1980-03-19','洪宏','0940385563',2,0,'/member/woman-avatar.jpg','2024-10-30 07:54:52','third-179','新竹縣','竹北市','成功街 271號 2樓',154),(180,0,'user180@example.com','123456','1957-03-30','李勝','0912379121',1,0,'/member/man-avatar.jpg','2024-10-30 07:54:52','third-180','新北市','淡水區','復興路 82號 1弄',620),(181,1,'user181@example.com','123456','1991-03-18','王育德','0985206467',2,0,'/member/woman-avatar.jpg','2024-10-30 07:54:52','third-181','基隆市','仁愛區','復興路 290號 3巷 2樓',689),(182,0,'user182@example.com','123456','1966-12-06','謝忠','0986240009',1,1,'/member/man-avatar.jpg','2024-10-30 07:54:52','third-182','屏東縣','潮州鎮','民族路 286號 2巷 4樓',582),(183,1,'user183@example.com','123456','1955-07-01','洪嘉宏','0993616202',2,1,'/member/woman-avatar.jpg','2024-10-30 07:54:52','third-183','雲林縣','虎尾鎮','成功街 192號 19巷 10弄 3樓',796),(184,0,'user184@example.com','123456','1966-11-03','鄭怡詩','0946486617',1,1,'/member/man-avatar.jpg','2024-10-30 07:54:52','third-184','彰化縣','彰化市','中山路 215號 4弄',280),(185,1,'user185@example.com','123456','1989-12-08','蔡青','0986549106',1,1,'/member/man-avatar.jpg','2024-10-30 07:54:52','third-185','連江縣','東引鄉','中山路 170號 4樓',866),(186,1,'user186@example.com','123456','1994-07-18','許慶','0989432489',2,0,'/member/woman-avatar.jpg','2024-10-30 07:54:52','third-186','高雄市','左營區','和平街 27號 1巷',587),(187,1,'user187@example.com','123456','1991-07-25','黃嘉勝','0970822688',2,1,'/member/woman-avatar.jpg','2024-10-30 07:54:52','third-187','宜蘭縣','蘇澳鎮','博愛街 243號 7弄',288),(188,1,'user188@example.com','123456','1983-01-04','鄭青','0998227281',1,1,'/member/man-avatar.jpg','2024-10-30 07:54:52','third-188','臺南市','中西區','和平街 73號',580),(189,1,'user189@example.com','123456','1987-05-09','王雪勝','0965291657',2,1,'/member/woman-avatar.jpg','2024-10-30 07:54:52','third-189','嘉義縣','太保市','復興路 287號 19巷 7弄 4樓',85),(190,1,'user190@example.com','123456','1964-05-26','許怡維','0921693931',2,0,'/member/woman-avatar.jpg','2024-10-30 07:54:52','third-190','金門縣','金城鎮','中山路 267號 3巷 3樓',537),(191,1,'user191@example.com','123456','1996-08-04','洪淑','0961465884',2,0,'/member/woman-avatar.jpg','2024-10-30 07:54:52','third-191','臺北市','中山區','復興路 110號 1巷 10弄',480),(192,1,'user192@example.com','123456','1960-11-02','陳德美','0953584946',1,1,'/member/man-avatar.jpg','2024-10-30 07:54:52','third-192','澎湖縣','白沙鄉','忠孝路 19號 10弄',739),(193,1,'user193@example.com','123456','1983-03-09','吳雪明','0960648160',2,1,'/member/woman-avatar.jpg','2024-10-30 07:54:52','third-193','臺東縣','關山鎮','成功街 38號 2巷 9弄 2樓',303),(194,1,'user194@example.com','123456','1993-05-18','許國','0915191884',2,1,'/member/woman-avatar.jpg','2024-10-30 07:54:52','third-194','屏東縣','東港鎮','民族路 164號 8巷 4弄',201),(195,1,'user195@example.com','123456','1972-08-10','洪德','0984466385',1,1,'/member/man-avatar.jpg','2024-10-30 07:54:52','third-195','彰化縣','鹿港鎮','成功街 6號 17巷 3樓',997),(196,1,'user196@example.com','123456','1974-01-08','劉明宏','0913869825',1,1,'/member/man-avatar.jpg','2024-10-30 07:54:52','third-196','臺北市','中山區','成功街 5號',530),(197,1,'user197@example.com','123456','1980-07-19','謝德雅','0954633641',2,1,'/member/woman-avatar.jpg','2024-10-30 07:54:52','third-197','臺北市','松山區','忠孝路 263號 2樓',559),(198,1,'user198@example.com','123456','2003-05-21','王慶','0942708413',1,1,'/member/man-avatar.jpg','2024-10-30 07:54:52','third-198','雲林縣','虎尾鎮','復興路 173號 4樓',206),(199,1,'user199@example.com','123456','1985-11-30','蔡維家','0957421172',1,1,'/member/man-avatar.jpg','2024-10-30 07:54:52','third-199','桃園市','八德區','博愛街 82號 6巷 9弄',254),(200,1,'user200@example.com','123456','1983-01-24','林麗芳','0940337175',2,1,'/member/woman-avatar.jpg','2024-10-30 07:54:52','third-200','宜蘭縣','羅東鎮','和平街 224號',603),(201,0,'user201@example.com','$2b$12$qEewJZyKRYsHtJ7FdaREhump1JOX6VrwDYNpaB8I8rbkkk9KyeZ5m','2024-11-13','Kate','0973123456',2,0,'/member/woman-avatar.jpg','2024-11-05 02:33:13',NULL,NULL,NULL,NULL,300),(202,0,'user202@example.com','$2b$12$8mB1WR6F2nvZlpfiNhN7aOnw9Zn.kReMMLQT.j8oUqc8aNeREZdvS','2024-11-07','dennis','0973123456',2,0,'/member/woman-avatar.jpg','2024-11-05 07:36:36',NULL,NULL,NULL,NULL,591),(203,0,'user203@example.com','$2b$12$V4i6wlgrn0af2OHsuuGrT.AoUBtISCYTKnUdszICS1II4gD.TkBT.','2024-11-09','洪小姐','0933123456',2,0,'/member/woman-avatar.jpg','2024-11-05 08:10:17',NULL,NULL,NULL,NULL,106),(204,0,'user204@example.com','$2b$12$9cDKd2XCkm9aAgHG3n06r.D9vkds/BWLR1r7u4/mgEjDSn/IJdsD.','2024-11-09','洪小姐','0933123456',2,0,'/member/woman-avatar.jpg','2024-11-05 08:10:24',NULL,NULL,NULL,NULL,611),(205,0,'user205@example.com','$2b$12$QmUuR.I4xBYe2XHUTjTLteCGuzpiB5WNIk8WbqLiw25/JAmPjJy2e','1999-11-13','黃振凱','0973123456',1,0,'/member/man-avatar.jpg','2024-11-07 02:14:17',NULL,NULL,NULL,NULL,784),(206,0,'user206@example.com','$2b$12$Kmxt3t9ClQfKPasMR.TSi.LdQbgyMvqBYC9cQJMhu2nsS6MlvlEPe','1999-06-21','余秉城','0973123123',1,0,'/member/man-avatar.jpg','2024-11-07 02:14:51',NULL,NULL,NULL,NULL,134),(207,0,'user207@example.com','$2b$12$fO2N5.e3nf1fhIDf/1TDee.M4YpDP9mDLiXt4ugHCuOPotHtPGfxq','1998-07-13','劉一天','0987456123',1,0,'/member/man-avatar.jpg','2024-11-07 02:16:09',NULL,NULL,NULL,NULL,170),(208,0,'user208@example.com','$2b$12$NDszh1L1DPfDOymYaNh3UeOCkIe1U.60lptfplkXxTXtUA8zXXh3.','1999-05-17','眉玲感','0933123456',2,0,'/member/woman-avatar.jpg','2024-11-07 02:17:29',NULL,NULL,NULL,NULL,400);
/*!40000 ALTER TABLE `user` ENABLE KEYS */;
UNLOCK TABLES;

--
-- Table structure for table `visibility`
--

DROP TABLE IF EXISTS `visibility`;
/*!40101 SET @saved_cs_client     = @@character_set_client */;
/*!50503 SET character_set_client = utf8mb4 */;
CREATE TABLE `visibility` (
  `visi_id` int(11) NOT NULL AUTO_INCREMENT,
  `visi_name` varchar(3) NOT NULL,
  PRIMARY KEY (`visi_id`)
) ENGINE=InnoDB AUTO_INCREMENT=4 DEFAULT CHARSET=utf8mb4 COLLATE=utf8mb4_general_ci;
/*!40101 SET character_set_client = @saved_cs_client */;

--
-- Dumping data for table `visibility`
--

LOCK TABLES `visibility` WRITE;
/*!40000 ALTER TABLE `visibility` DISABLE KEYS */;
INSERT INTO `visibility` VALUES (1,'極好'),(2,'普通'),(3,'差');
/*!40000 ALTER TABLE `visibility` ENABLE KEYS */;
UNLOCK TABLES;
/*!40103 SET TIME_ZONE=@OLD_TIME_ZONE */;

/*!40101 SET SQL_MODE=@OLD_SQL_MODE */;
/*!40014 SET FOREIGN_KEY_CHECKS=@OLD_FOREIGN_KEY_CHECKS */;
/*!40014 SET UNIQUE_CHECKS=@OLD_UNIQUE_CHECKS */;
/*!40101 SET CHARACTER_SET_CLIENT=@OLD_CHARACTER_SET_CLIENT */;
/*!40101 SET CHARACTER_SET_RESULTS=@OLD_CHARACTER_SET_RESULTS */;
/*!40101 SET COLLATION_CONNECTION=@OLD_COLLATION_CONNECTION */;
/*!40111 SET SQL_NOTES=@OLD_SQL_NOTES */;

-- Dump completed on 2024-11-19 20:56:49
